SMILES,Energygap
Cc1ccc(cc1)C(F)(F)F,197.7494212
OC(=O)CCCCl,247.4939422
CC(C)(Oc1ccc(CCNC(=O)c2ccc(Cl)cc2)cc1)C(=O)O,164.7123274
Nc1ccc(Cl)c(Cl)c1,169.0277068
C[C@@H](CCO)CCC=C(C)C,209.5698082
OC(C=C)C=C,210.9791935
O=N(=O)c1ccc(Cl)c(c1)N(=O)=O,168.833179
O=CC1CCCCC1,213.4515789
COc1ccc(cc1)C#C,171.1919853
Brc1cncnc1,188.3449438
COc1ccc(cc1[C@]12C[C@H]3C[C@H](C[C@H](C3)C1)C2)c1ccc2cc(ccc2c1)C(=O)O,139.4927407
N[C@@H](CC(=O)O)C(=O)O,218.3248138
CCC#CCC,230.1295131
Cc1cccc2cc[nH]c12,170.4672124
CC(=O)c1cccc(C)c1,174.692858
Nc1ccccc1C(=O)c1ccccc1,142.0234845
N#Cc1sccc1,175.4414763
Clc1ccccc1C(=O)c1ccccc1,168.8990674
CC(=C)C(=O)N,207.8416485
CC(=O)CC(=O)Nc1ccccc1,170.718216
[S]C#[S],176.7316348
CC(C)[C@@H](N)C(=O)O,225.2845161
COC(=O)[C@H](Cc1ccc(O)cc1)NC(=O)OC(C)(C)C,181.1988713
CC(C(=O)C)C(=O)C,197.0792416
CCCC(=O)c1ccc(Cl)cc1,172.6703965
c1ncncn1,204.2661022
CCOC(=O)C(=C)CBr,190.729478
CCCCC/C=C/C,221.5031469
C[Si](C)(O)c1ccccc1,196.7403867
C[C@@H](Br)c1ccccc1,188.1366108
CC1(C)N(Br)C(=O)N(Br)C1=O,175.6466717
CSc1ccccc1N,171.5923361
CNCCNC,219.8433856
Oc1cccc(C=O)c1,163.6160692
CC(C)(N)C(=O)O,229.4643536
CCCCO,253.9597949
Fc1c(F)c(C#N)c(F)c(C#N)c1F,178.5143878
CCCCOC(=O)C(=C)C,202.1501418
CCCCOc1ccc(cc1)C(=O)C,169.2793379
CC[C@@](C)(O)C#C,239.5609734
FC(F)(F)c1ccncc1,197.1677204
CC(=C)C(=O)C,193.1265624
Nc1cccnc1,174.444992
C[C@@H]1[C@@H](C)C(=O)C(=C1C)C,190.3241072
COc1nc(Cl)nc(OC)n1,212.6841354
CC(C)[C@@H]1COC(=O)N1,236.9794014
Ic1ccc(I)cc1,174.0339736
CN1CCN(C)C1=O,219.8276979
ClC(=O)c1sccc1,168.8018035
ICC=C,181.8420681
NCc1occc1,198.4265034
CCOC(=O)CBr,236.6712944
Cc1cc(C)c(C)cc1C,190.1948404
OC(=O)c1cc(=O)[nH]c(c1)O,147.0636367
C[Si](C)(c1ccccc1)[Si](C)(C)c1ccccc1,176.2666506
CCCCCCO,251.981259
CN(CCO)CCO,217.2222805
NCc1ccc(O)cc1,182.7952542
CCCCP(CCCC)CCCC,201.464902
COC(=O)[C@@H](Cc1ccccc1)NC(=O)C,196.4416925
COc1ccc(SSc2ccc(OC)cc2)cc1,145.5871081
O=C1CCCCC1=O,169.8258982
ClS(=O)(=O)c1ccccc1,185.5839042
OC(=O)c1ccc(cc1Cl)N(=O)=O,166.0376264
CCO/C=C(\C)/C=O,183.9617935
CCOC(=O)c1ccc(I)cc1,168.838199
CC(C)[C@@H](C(=O)O)c1ccc(Cl)cc1,187.7720281
Oc1ccc(Cl)cc1,178.801787
[nH]1ccnc1c1ccccc1,161.1926294
COc1ccc(cc1)C(=O)C,169.6796886
O=N(=O)c1cccc(C=O)c1,175.7364055
C/C=C/C=C/C(=O)O,164.6727943
Nc1cc(ccc1Br)C(F)(F)F,168.4980892
Oc1ccc(F)cc1,180.198622
Oc1cc(F)c(F)c(F)c1,190.0900464
ClC=C(Cl)Cl,196.5671943
OC(=O)c1oc(Br)cc1,172.6572188
ClCC#N,248.2155775
CCOC(=O)C(C)(C)Oc1ccc(Cl)cc1,178.0594438
CC(=O)c1ccc(F)cc1,180.3554992
Brc1ccccn1,187.7751657
Cl[Bi](Cl)Cl,199.3759245
c1ccc(cc1)/C=C(\c1ccccc1)/c1ccccc1,144.5115576
O=C(/C=C/c1ccccc1)/C=C/c1ccccc1,139.341511
Fc1cccnc1,195.2487978
CC(C)I,192.1463933
OC[C@@H]1c2ccccc2c2ccccc12,161.9148923
NCc1ccncc1,200.9861126
Brc1ccccc1C=O,167.4670919
Cc1ccccc1C(=O)Cl,174.967707
CCOC(=O)C=C(C)C,197.0811241
OC(=O)/C=C/c1cccnc1,159.7556338
O=C(c1sccc1)c1ccccc1,163.5803011
Cc1cc(Cl)ccc1C#N,175.2218481
COc1cc(OC)cc(C=O)c1,157.6635188
ClS(=O)(=O)Cl,209.8170468
OC1=C(O)C(=O)C(=C(O)C1=O)O,119.0974431
Nc1cnc2ccccc2c1,149.3609472
CC(=O)Oc1ccc(C=C)cc1,164.615691
CCC=O,216.701448
CC(C)(C)Br,227.5699039
[nH]1ccnc1,212.9225888
OCCBr,231.3280553
Cc1c(N)cccc1Br,177.2166992
CC(C)C(=O)Cl,229.043295
CC(=O)c1c(O)ccc2ccccc12,147.6070595
Fc1ccccc1F,197.8824531
CCCCCCCCCCCCCCCCCC(=O)O,243.6648822
Clc1ccccc1C=C,170.12773
OC(=O)c1c(O)ccc2ccccc12,149.8704845
OC(=O)c1ccc2ccccc2c1,151.5289908
COC(=O)Cc1cccc2ccccc12,155.555716
CSc1ccc(C)cc1,182.1953556
Nc1c(F)cccc1C(=O)O,175.4113558
Oc1cccc(O)c1,187.2160551
CC(=O)CCC=C,212.9853397
Cl/C(=C\c1ccccc1)/C=O,146.1888892
s1cnc2ccccc12,175.5236799
CCOC(=O)CCBr,234.0784273
FC(F)(F)c1cc(Cl)c2ccccc2n1,155.9140237
C1[C@H]2C=C[C@@H]1C=C2,189.1757657
OC(=O)c1ccc(nc1)C(=O)O,179.0578106
OC(O)C(F)(F)F,278.5010444
CC1=CCCCC1,213.1309218
CCOC(=O)CCCCBr,229.8301913
Cc1cc(O)ccc1Br,179.1017363
OC(=O)COc1ccccc1,189.5158756
CC(=O)O/C=C/C=C,173.2426847
COP(=O)(OC)C=C,220.1100769
COc1cc(O)ccc1C=O,164.6213386
CCC(=O)CC,220.5926313
C[C@H]1CCCNC1,216.4378942
CCOC(=O)c1cccnc1C,182.3974135
COC(=O)N,256.0675976
Br/C=C\Br,198.2514284
N[C@@H](CCC(=O)O)C(=O)O,229.9155325
CC(=O)c1ccccc1I,169.8277807
Brc1sccc1Br,176.6130356
NC1CCCCCCCCCCC1,227.0591116
COC(=O)CCC(=O)OC,256.7961356
Cc1cccnc1Br,187.3534796
CCOC(=O)C(Br)(Br)C(=O)OCC,203.9153246
[O]N1C=CCC=C1,164.2925239
CC(=O)c1ccc(cc1)N1CCOCC1,151.3143827
C1CCN2CCCN=C2CC1,197.1790155
CNC1CCCCC1,215.5587541
Nc1cccc2c(N)cccc12,143.9543297
Br[C@@](c1ccccc1)(c1ccccc1)c1ccccc1,173.9367097
O=CCCCC=O,209.0991765
Oc1ccc(cc1)C(=O)CBr,163.85264
C1CC=CC1,219.524611
C[C@@H](O)C#C,241.1422961
o1c2ccccc2c2ccccc12,162.5053782
FC(F)(F)c1cccnc1,202.3220793
ClC/C=C/c1ccccc1,165.0179243
Cc1cc2c(cc1C(=C)c1ccc(cc1)C(=O)O)C(C)(C)CCC2(C)C,155.8412326
CC[C@@H](C)O,253.3341684
Cn1cnc(Cl)c1Cl,199.1839068
Cc1ccc(S)cc1,175.3297797
CC(C)[C@@H](Br)C(=O)O,223.6366775
NCC1CCCCC1,227.3232929
CCC=C(C)C,215.1094577
CS(=O)(=O)c1ccc(F)cc1,196.8621235
Clc1ccc(cc1)C(=O)CBr,165.8782391
OC[C@@H](c1ccccc1)c1ccccc1,189.4512422
BrCc1ccc(Br)cc1,176.3256364
CCOc1ccc(cc1)N=C=O,174.4983302
CCCCCCCCCC#N,257.6181724
CC(C)(C)O,248.1358839
CC[C@@H](C(=O)O)c1ccccc1,194.8465646
C1CCC(CC1)P(C1CCCCC1)C1CCCCC1,195.5600423
FC(F)(F)COC(=O)C(F)(F)F,254.2980223
C[Si](C)(C)C#C[Si](C)(C)C,220.1075669
OCCI,195.5324319
Brc1sc(Br)cc1,171.0156553
Fc1c(F)c(F)c(Br)c(F)c1F,192.4256349
Clc1nsc2ccccc12,163.3468678
CC(C)c1ccccc1N,177.7582395
Oc1ccc(Cl)cc1C=O,157.5317419
C[C@@H]1CC(=O)C=C1C,191.0934332
COc1ccc(cc1)C(=O)OC(=O)c1ccc(OC)cc1,167.2380511
CC(=O)c1ccc(cc1)N(=O)=O,169.4889259
O[C@H]1CS[C@H](O)CS1,200.7169113
Brc1ccc(I)cc1,178.1893382
C1Cc2ccccc2CO1,194.7273379
O=C1C(=O)c2ccccc2c2ccccc12,133.8244519
COC(=O)CC(=O)c1ccc(cc1)C(F)(F)F,177.2430546
Nc1cccc(c1)C#N,162.3673262
CC1(C)[C@H]2CC[C@]1(C)C(=O)OC2=O,228.9861917
COC(=O)c1ccc(cc1)C#N,174.8898958
Clc1sc2ccccc2n1,175.2921291
Fc1ccccc1C=O,175.2375358
NC(=O)OCc1ccccc1,200.1201502
COc1cccc(C)c1,186.2340035
c1ccc2nc3ccccc3cc2c1,130.9278703
Sc1cccc(Cl)c1,178.3236251
OC[C@@H](C(=O)O)c1ccccc1,201.6311919
CC(=O)c1ccc2c(Cc3ccccc23)c1,150.0323818
O=N(=O)c1ccc(C=C)cc1,153.2797409
Cc1cscc1,192.0296767
COc1cccc(Cl)c1,184.1192982
Cc1ccc(cc1)c1ccccn1,160.9786488
Nc1ccc2nc[nH]c2c1,162.9101215
COC(=O)[C@@H](O)c1ccccc1,196.2195543
S=C(NC1CCCCC1)NC1CCCCC1,178.3882585
C[C@H]1CCCCC1=O,208.9008836
Nc1c(Br)cc(Br)cc1Br,162.908239
COc1cccc(/C=C/C(=O)O)c1,152.4006008
O=CC1CC1,219.5766943
CC(C)(N)C#C,230.2029317
CCCC(=O)CC,219.7963224
CC(C)C=O,215.7124938
CC(=O)CCCCl,218.6617861
CCOC(=O)CC(=O)C(C)(C)C,210.039185
CCCCC=C,226.5056486
[O]N1C=CC=C2C=CC=C[C@@H]12,138.5000214
Clc1cnc2ccccc2c1,158.9731301
CC(C)(C)OC(=O)NO,228.8713576
C1CCCC=CCC1,214.0979132
NC(=O)c1ccccc1I,178.9636843
c1ccc2c(c1)c1cccc3cccc2c13,137.181625
CC(C)(C)OC(=O)N1CCC(CC1)C=O,192.4570103
NNC(=O)c1ccccc1,190.0360806
CN(C)CCCN,208.8462904
Nc1cc(Cl)ccc1Cl,172.5492873
CCc1cccc(C)c1N,178.1918482
O=N(=O)c1n[nH]c(Br)n1,190.5255376
Oc1ccccc1c1ccccc1,167.1740452
FC(F)(F)C(F)(I)C(F)(F)F,191.0997083
CCOC(=O)/C(=C/C)/C,197.6433722
CC(=O)c1ccccc1N,157.6603812
C[C@@H](CCC=C(C)C)CC(=O)O,202.9527258
O=C(C1CC1)c1ccccc1,180.0900629
OC(=O)C=C,209.9375285
CCC(=O)C,217.7424855
Fc1cccc(F)c1C=O,175.0543032
OC(=O)C1CCC(=O)CC1,210.9566031
OC(=O)c1ccc(cc1)C(=O)O,177.2970204
COC(OC)OC,265.9621595
ClCC=C,221.9825638
Oc1ccc2ccccc2c1,153.4083802
Cn1cccc1C=O,166.2660397
C[Si](C)(C)O[Si](C)(C)C,236.0312353
Cc1ccc(O)c(c1)C(=O)C,164.5309773
CC(=C)C(=O)OC[C@H]1CO1,200.0686945
CCCCC#C,242.9445019
Cc1ccccc1N,178.9975698
Clc1ccc2ccccc2n1,161.9079897
COc1sccc1,184.3351613
COc1ccc(CCN)cc1OC,184.6137753
COC(=O)c1ccc(Cl)cc1,177.7902424
Cn1ccc(C)n1,217.777626
O=C[C@@H]1C[C@@H]2C[C@H]1C=C2,200.3247181
OC1(O)C(=O)c2ccccc2C1=O,161.3871572
OC(=O)[C@H]1CCCN1,219.5672816
Sc1ccc(Br)cc1,172.2280027
CC[Si](Cl)(CC)CC,239.4091162
Cc1cccc(C(=O)O)c1N,156.0865887
CC(=O)Nc1ccccc1Br,180.0743752
CCCC(=O)C,220.5455682
Cc1sccc1C,187.5505174
CC(=CCC[C@@](C)(O)C=C)C,201.2452738
CI,195.2996261
OC(=O)CCc1ccccc1O,187.3861101
ClC(=O)C(Cl)(Cl)Cl,215.3993668
C=Cc1ccncc1,174.8528728
O=N(=O)c1ccc(cc1)N=C=O,161.9211673
N#CCC#N,275.6138755
OCCCCCl,255.1131564
CNC,221.5407974
O=C(C1CCCC1)c1ccccc1,181.5822793
CCOC(=O)C(F)(F)Br,221.5778205
CCO/C=C/1\N=C(OC1=O)c1ccccc1,144.3170299
CC(=C)[C@@H]1CCC(=CC1)C,206.5866305
S(Sc1ccccc1)c1ccccc1,148.9712641
C1COc2ccccc2OCCOCCOc2ccccc2OCCO1,184.1312209
CSCC[C@@H](N)C(=O)O,200.7382466
CCCCCc1ccccn1,195.4383056
FC(F)(F)c1ccc(cc1)C#N,185.1653557
CC(C)(C)OOC(=O)c1ccccc1,186.9757192
NCc1ccc(cc1)C(=O)O,181.8464606
OC(=O)c1ccc2ccccc2c1O,147.5330135
OC(=O)CCCC(=O)c1ccccc1,179.6156661
Oc1ccc2c(=O)ccoc2c1,169.9990907
O=C1CCCC(=C1)Nc1ccccc1,160.9824139
CN(C)CCO,222.4726483
COc1ccc(Br)c(C=O)c1,152.2945518
CCOC(=O)C1CC1,253.5243037
C[C@@H](Cl)C=C,220.5167027
OC(=O)/C=C/c1ccccc1F,155.9566943
COC(C)(C)OC,256.1968645
Brc1ccccc1P(c1ccccc1)c1ccccc1,166.183836
C[N+]1(CCOCC1)[O-],212.3000999
CN(C=O)c1ccccc1,181.840813
Cc1ccncn1,195.9610206
CC(C)CCCO,252.7323873
CO/C(=C/C(=O)OC)/C,196.1881788
C1CCCNCC1,210.2732458
Oc1ccc(F)cc1C=O,159.5171804
CCCC#CCO,230.1439458
CN(C)c1ccc(cc1)C(=O)c1ccc(cc1)N(C)C,145.5231022
Nc1ccccc1Oc1ccccc1,171.8703225
CCOC(=O)CC#N,255.3327846
ClCC(=O)CCl,204.3627386
Nc1ncnc2nc[nH]c12,180.1816792
OC(=O)CCBr,231.8821458
CC[C@]1(O)C(=O)OCc2c1cc1n(Cc3cc4ccccc4nc13)c2=O,131.7298268
Nc1ccc(C=C)cc1,155.8719806
CC(C)CBr,231.6374172
Nc1c(Cl)c(Cl)c(Cl)c(Cl)c1Cl,163.3242775
ClCC#C,231.6204745
CCc1ccccc1N,177.4275422
NCC(=O)O,229.7335549
N[C@@H](Cc1ccccc1)C(=O)O,197.5266555
CCC(=O)c1ccccc1O,157.5662549
ClC(=O)Oc1ccccc1,196.7334841
c1ccc(nc1)c1ccccn1,164.8648121
Cc1cccc(=O)[nH]1,163.0607237
Cc1cc(C)c(c(C)c1)C(=O)Cl,175.0266928
CSc1cnccn1,164.0936035
c1ccc(cc1)c1ccccn1,164.4130056
CCOC(=O)CC(=O)C,221.5138145
O=C1Cc2ccccc2CO1,197.0924193
FC(F)(F)c1ccc(Br)cc1,187.0522753
O/N=C/c1ccccc1,169.7029065
Cc1cccc(I)c1,183.2389031
CCOC(=O)c1cnc2ccccc2c1Cl,154.3565463
O[C@@H](C(=O)O)c1ccc(F)cc1,192.8912465
[NH]c1cc(ccc1C(=O)O)C(=O)[O],78.99020541
Brc1ccc2cnccc2c1,158.6963986
OC(=O)CCCc1ccc(cc1)N(CCCl)CCCl,166.2007787
CC(=O)O[Si](C)(C)C,249.9769953
C1CCC(=CC1)N1CCOCC1,193.5112254
CCOC(=O)C1CCCCC1,243.8167394
CC1(C)[C@H]2CC[C@](C)(C2)C1=O,206.2440105
OC(=O)c1cnccn1,176.8288987
Fc1ccccc1Br,188.4679356
CCOC(=O)CCc1ccccc1,199.3633744
C/C=C(\C)/C(=O)O,202.9069177
ClCCCCc1ccccc1,198.0638032
C1OCOCO1,272.1173953
ClC(=O)c1ccc(Cl)cc1,169.6828262
CCSc1ccccc1,181.4304222
O=C1C[C@@H]2CC[C@H]1C2,208.8155424
Fc1ccc(Br)cc1,184.4016773
CC(C)c1ccc(C)cc1,192.1677287
CC(=C)CCl,216.9524516
Cc1ccc(SSc2ccc(C)cc2)cc1,146.5848474
ClN1C(=O)CCC1=O,222.2185072
Cc1cc(N)c(cc1C)N(=O)=O,142.2562903
N[C@H]1CC[C@@H](CC1)C[C@H]1CC[C@H](N)CC1,218.6806114
C1CCCCCC1,264.8119355
OC(=O)c1cc(F)cc(F)c1,182.4212589
N#CCCc1ccccc1,200.5499939
BrCCC1CCCCC1,229.8847846
O=Cc1cccc(c1)C#N,177.8774662
CC(C)c1cc(C(C)C)c(Br)c(c1)C(C)C,186.7159305
NC(=O)c1ccc(F)cc1,189.2152988
CC(C)(C)S,209.4367763
OCc1ccccn1,195.4677985
CC(C)(C)c1cccc(n1)C(C)(C)C,193.9542468
Ic1[nH]cnc1I,165.1967643
OC(=O)Cc1ccc(O)cc1,184.6897039
Brc1ccc2[nH]ccc2c1,168.7158348
CCCCC#CC,232.6119387
OC(=O)C/C=C/c1ccccc1,165.9340874
N#Cc1ccc2ccccc2c1,153.4811713
CO[Si](OC)(OC)c1ccccc1,197.2687493
O=Cc1oc2ccccc2c1,152.4194261
C(CP(c1ccccc1)c1ccccc1)CP(c1ccccc1)c1ccccc1,165.2024119
Fc1ccc(cc1)c1ccc(F)cc1,171.0231854
CC(=C)C(=O)OC(C)(C)C,202.0867634
CN(C)c1ccccc1,169.215332
N#C[C@@H](c1ccccc1)c1ccccc1,190.8543523
CCCCC(=O)C(=O)C,170.8763483
ClC1CCCCC1,253.5399914
Brc1ccc2cc[nH]c2c1,165.3693293
Cc1[nH]c2ccccc2c1,169.5755221
NCC[C@H](O)C(=O)O,233.1760693
ClCC=O,214.8615916
C1Cc2cccc3cccc1c23,154.713599
COc1ccc(CN)cc1,181.3990467
CCCCc1oc2ccccc2c1,173.0801599
Cc1cc(=O)[nH]c2ccccc12,154.7989402
CCOC(=O)CC(=O)OCC,250.6339972
CCC(C)(C)Br,225.37927
Oc1ccc(cc1)N(=O)=O,167.2098132
CCN(CC)C=O,226.3286911
Fc1cnc[nH]c1=O,178.7082881
Brc1ccc(C=C)cc1,161.6337682
COc1cccc(Br)c1,182.6302194
O[C@@H](C(=O)O)c1ccccc1,197.4362942
Cn1cccn1,221.932363
CCS,212.6665652
OC/C=C\c1ccccc1,172.1501916
OC(=O)c1c(O)cccc1O,166.0382539
OC(=O)C1CCCC1,240.1671471
OC(=O)CC#N,257.9902852
FC(F)(F)C(=O)CBr,195.1138834
COC1=CC(=O)c2ccccc2C1=O,144.2034507
OCc1sccc1,187.4118379
O=Cc1ccc2[nH]ccc2c1,157.4501657
Brc1ccccc1,191.7717705
Fc1c(F)c(Br)c(F)c(F)c1Br,181.5810243
CCOC(=O)NO,235.3566631
C#CCO[C@H]1CCCCO1,238.5337412
CCOC(=O)/C=C/C,203.1221533
OCCOCCOCCO,248.4188904
CCCCOc1ccc(CC(=O)NO)cc1,180.8154633
Clc1ccccc1CBr,182.6710074
OC[C@H]1O[C@H](O)[C@H](O)[C@@H]1O,244.1104136
OC(=O)c1ccc(Br)c(c1)C(=O)O,176.6839441
OCCCCCCCCCCO,249.3978045
CC[C@@H](C)CCO,246.2420617
CCOc1cccc(C=O)c1O,158.8030751
O=C1[C@H]2C[C@@H]3C[C@H](C2)C[C@H]1C3,209.5629056
CC(C)P(C(C)C)C(C)C,202.4720539
CC(C)(C)C(=O)OC(=O)C(C)(C)C,229.5572249
Cc1ccncc1N,177.1777937
OC(=O)Cc1ccccc1O,183.0719857
O[C@@H](CC(=O)O)C(=O)O,221.8388642
COC(=O)Cc1ccc(OC)cc1,184.036467
CC(=C)C(=O)Cl,194.5121023
CC(C)(CO)CO,238.5318586
CCC(=C)C=O,193.0242784
Oc1c2ccccc2ccc1N(=O)=O,136.340763
CC(C)c1ccccc1Br,189.823355
O=C1CCCO1,248.285231
Fc1ccc(Cl)cc1,186.6556896
COc1cc(Br)c(C=O)cc1OC,153.8752469
CCc1cccc(Br)c1,190.0454932
OC(=O)c1ccc(cc1)N1C(=O)C=CC1=O,146.3087434
Clc1cccc(Cl)n1,185.2965051
ClS(=O)(=O)Cc1ccccc1,178.6819327
ClC(=O)[C@@H](c1ccccc1)c1ccccc1,185.5807667
CCOC(=O)CC(=O)C(C)C,215.2600599
FC(F)(F)Sc1ccccc1,196.1599409
CSc1ccccc1C(=O)O,173.3499888
ClCC(=O)OC=C,210.9522106
FC(F)(F)c1cccc(Cl)n1,188.8676588
C=CCCCC#N,224.3915708
IN1C(=O)CCC1=O,169.0132741
OC(=O)c1ccc(F)cc1,186.091559
OCc1cccc2ccccc12,156.5879684
NC1=C(CCC1)C#N,180.300906
CCC1CCCCC1,255.2054003
CN(C)c1ccc(C=O)cc1,152.1213593
CC1(C)N(Cl)C(=O)N(Cl)C1=O,199.3269788
BrC1CCCCCC1,226.5815772
O=C1OC(=O)c2cccc3cccc1c23,142.7545324
Nc1cccc(Br)c1O,178.1523151
CCCCN(CCCC)CCCC,200.1182677
CC(=O)CCO,217.1463519
COC(=O)CBr,236.4943369
OC(=O)[C@@H](Cc1ccccc1)NC(=O)OC[C@@H]1c2ccccc2c2ccccc12,161.9161473
OC(=O)c1ccc(cc1)c1ccccc1,159.8346999
Fc1ccc2oc(=O)[nH]c2c1,177.8109502
COC(=O)c1ccccc1C,180.027312
C[C@@H](Cl)C(=O)Cl,217.6081985
CC(=O)OC[C@H]1OC=C[C@H](OC(=O)C)[C@@H]1OC(=O)C,210.1345663
Clc1c[nH]nc1,213.8011014
ClCCC(=O)c1ccccc1,179.8622772
CCN(CC)c1ccc(C=O)c(O)c1,152.3905607
CC(C)N,228.7678186
CCOC(=O)Cc1ccc(O)cc1,184.5334542
CCCCOC(=O)c1ccccc1,187.1300864
Nc1cccc2C(=O)c3c(N)cccc3C(=O)c12,121.7323534
CCOC(=O)Cl,258.8669153
CCCCCC(=O)OC(=O)CCCCC,234.7015437
OC(=O)CCCCC(=O)O,253.7558545
CC(=O)N[C@@H](Cc1ccc(O)cc1)C(=O)O,181.8721885
COc1cccc(C=O)c1O,153.2038123
CC(C)(C)I,188.0506421
S[C@@](c1ccccc1)(c1ccccc1)c1ccccc1,179.4537688
[S][P@]12S[P@]3([S])S[P@]([S])(S1)S[P@]([S])(S2)S3,151.8465103
N[C@@H](CCC(=O)O)C(=O)O,229.9230627
ClC[C@H]1CO1,262.7267231
Cc1cccc(C)c1N=C=O,181.0890573
Fc1c(F)c(F)c(c(F)c1F)c1c(F)c(F)c(F)c(F)c1F,177.342201
O=CC1CCOCC1,207.2436324
CC(C)CCC#C,241.7898854
NCCc1ccccn1,190.2262158
CC(C)[C@@H](CC=C)C(=O)NC(=O)N,215.5060434
CC1(C)[C@H]2CC[C@]1(C)C(=O)C2,207.0547522
FC(F)(F)c1ccc(C=O)c(Br)c1,165.3624267
CO[C@@H](C(=O)O)c1ccccc1,200.0517517
O=C1CCCCO1,236.8796274
OC(=O)C1CCOCC1,225.6327836
c1ccc(cc1)c1cccc(n1)c1ccccc1,157.7061894
Nc1ccc(N)cc1,159.7882643
O=C1NC(=O)c2ccccc12,176.9437328
OC(=O)CN(CC(=O)O)CC(=O)O,207.2844205
CCOC(=O)c1cccc(Cl)c1,175.978624
CCCCCCCCl,258.32161
O=C/C=C/c1ccccc1,155.0537088
Fc1ccc(cc1)C(=O)CCCCl,178.9988248
Cc1cc(Cl)n(n1)c1ccccc1,179.1055013
c1cnccn1,186.4329239
Br/C(=C/c1ccccc1)/C=O,154.6056674
O=N(=O)c1sccc1,166.7956573
Nc1ccc(Br)cn1,167.0297181
CC(=O)c1ccccc1,181.5647091
OCCCCC#C,243.0631011
Oc1cccc2cnccc12,154.5642518
CCOC1=CC(=O)CCC1,191.7491801
OC(=O)c1cccc(I)c1,169.6840812
BrC1CC1,224.2886593
OC(=O)c1ccc(Cl)cc1,177.3340434
CC(=O)/C=C/c1ccccc1,153.5652575
O=N(=O)c1ccccc1CC#N,176.8232511
CCOC(=O)N1CCC(=C2c3ccc(Cl)cc3CCc3cccnc23)CC1,166.9450044
OC(=O)c1[nH]cnc1,187.0980834
Fc1ccc(cc1Cl)C#N,181.3927716
NCc1cccc(CN)c1,193.9655419
CC(C)(C)CC(=O)O,237.8786218
Cc1cc(C)cc(I)c1,181.7862198
CCOP(C)OCC,210.3654897
ClC(=O)Cl,233.9623381
Nc1cccc(c1)C#C,162.6955134
C[C@@]12CCC(=O)[CH][C]1CC[C@@H]1[C@H]2CC[C@@]2(C)[C@@H]1CC[C@@]2(O)C#C,158.4290798
Oc1ccc(cc1)C(F)(F)F,189.7116584
CC/C=C\CO,216.3481605
CCn1c(Cl)cnc1C,200.4935181
C[C@@H](O)[C@@H](N)C(=O)O,231.2220063
OC(=O)C1(CCCC1)c1ccc(Cl)cc1,185.6661079
O[C@H]([C@H]1C[C@@H]2CCN1C[C@@H]2C=C)c1ccnc2ccccc12,153.0720354
CCOC(=O)[C@H]1CCCCC1=O,208.5293983
C[C@@H](Br)Cc1ccccc1,195.5838876
CN(C)CCN,211.855196
CCCCCC(=O)O,247.7662811
Ic1ccc2[nH]ccc2c1,167.7105654
Oc1cccnc1Br,180.649801
CCOC(=O)C=C,209.1274144
OC(=O)c1ccc(F)cc1Cl,187.1420091
OC(=O)c1cc2ccccc2oc1=O,149.1639094
BrP(Br)Br,178.5664711
NCCCCCCN,229.4273305
CCOC(=O)CC(=O)C(F)(F)F,215.3730115
Clc1cccc(Cl)c1Cl,189.8082948
Cc1cc(C)c2CCCC(=O)c2c1,168.7490928
CCO/C(=N/O)/C,225.7570304
O=C1CCCC=C1,188.2978806
CC(C)(C)[C@H]1CC[C@H](O)CC1,236.816249
OC(C(F)(F)F)(C(F)(F)F)C(F)(F)F,294.8758917
c1ccc(cc1)[CH][N][N][CH]c1ccccc1,142.8474038
Fc1cccc2ccccc12,157.5963753
O=N(=O)c1ccc2C(=O)NS(=O)(=O)c2c1,174.2071661
C1CCC(CC1)[N][C][N]C1CCCCC1,218.6097029
CCOC(=O)NN,248.7025245
CC1(CO)COC1,232.9664813
Cc1cc(C)c(c(C)c1)S(=O)(=O)Cl,173.0287042
Nc1ccc(cc1)c1ccccc1,158.1040301
C1CC[C@@H]2CCCC[C@H]2C1,251.1447895
ClCCCC#C,244.3614172
C=CN1CCCC1=O,190.8348995
NC(=S)c1ccccc1,147.5763116
Cc1ccccc1C=O,172.4915564
CCOC(=O)c1c(C)[nH]cc1C,183.5501476
CC(C)N(C=O)C(C)C,221.4366309
OC(=O)[C@H]1CCCO1,235.0880892
CN(C)Cc1ccccc1,189.0389688
Cl[C@H]1CCCCC1=O,203.4785784
O=N(=O)c1ccc(Cl)nc1,170.8518754
C1CC1c1ccccc1,198.2821763
CCc1sccc1,187.5009442
OC(=O)c1[nH]ccc1,183.5300673
CC(=O)N[C@H]1[C@@H](O)O[C@H](CO)[C@H](O)[C@@H]1O,222.8886868
FN(S(=O)(=O)c1ccccc1)S(=O)(=O)c1ccccc1,182.1809229
CC(C)CCC[C@@H](C)CCO,252.0396174
Clc1ccnc2ccccc12,158.688241
OC[C@]12C[C@H]3C[C@H](C[C@H](C3)C1)C2,238.9409945
OC(=O)c1cccnc1Br,172.0303373
Fc1ccccc1I,183.5419899
Nc1ccc(I)cc1,167.1087842
Ic1c[nH]nc1,185.5901793
COC(=O)C(C)(C)C,251.4660741
NCC(F)(F)F,241.695759
OC(=O)c1ccc(cc1)C(F)(F)F,184.7951254
OCCCCCCCCO,248.4791313
CC(C)(CCl)c1ccccc1,198.9554935
c1ccc2c(c1)c1ccccc1c1ccccc21,158.900339
BrCCBr,225.9327329
CC(=O)c1cccc(Br)c1,168.7064222
OC(=O)c1cscn1,189.5315633
COc1ccccc1Cl,191.2998837
Brc1ncccn1,188.4560129
O=N(=O)c1cccc(C=C)c1,156.5904784
OC(=O)c1ccc(Br)cc1,173.8206205
Brc1cccc2C(=O)C(=O)Nc12,140.7828992
BrC#N,241.9128771
CC1=CC(=O)OC(C)(C)O1,193.3292478
COC(=O)[C@H]1CC(=O)[C@@H](CC1=O)C(=O)OC,195.0743503
Sc1ccc(Cl)cc1,172.9094774
Nc1cc(Br)ccc1Br,170.6774279
OC[C@H]1O[C@H](O)[C@H](O)[C@H](O)[C@@H]1O,231.9555643
OCCc1ccc(Cl)cc1,189.4650474
COc1cccc(Br)n1,179.0101199
OC(=O)C#C,218.0637701
CS(=O)(=O)Cl,229.0853381
Brc1ccc(Oc2ccccc2)cc1,171.9638214
Oc1ccc(C=O)c(O)c1,171.2723065
Cc1cccnc1C,194.1964652
OC(=O)c1cccc(c1)C(F)(F)F,189.1192899
CC(=CC=O)C,191.073353
COC(=O)c1ccc(N)cc1,167.2261284
Clc1ccc(C=C)cc1,163.0400159
CC(C)OC(=O)C,254.6776652
CCOC(=O)C(C)(Br)C(=O)OCC,207.8535711
CCOC(=O)CC(=O)CCl,213.943546
COC(=O)CCCCCC(=O)OC,247.1569698
O[C@@H]([C@@H](O)c1ccccc1)c1ccccc1,188.6844262
CC(=O)C(C)(C)C,215.7896774
OC(=O)/C=C/c1cccc2ccccc12,138.8388763
Clc1cnccn1,185.6322224
O=C1OC(=O)c2ccccc12,179.853492
NC(=O)C(F)(F)F,247.3828731
COc1cccc(c1)C(=O)N,172.7274998
CC(=O)C(=O)c1ccccc1,160.4157733
CCC#CCBr,207.7657199
N#CC1CC1,255.0196576
C1CNc2ccccc2C1,169.5918374
CCC(=O)c1occc1,174.9055836
CCCCCCC#C,242.2015313
COc1ccc(cc1)P(c1ccc(OC)cc1)c1ccc(OC)cc1,158.5100284
CCCCCCCC,264.9305347
CC[N][C][N]CCCN(C)C,207.6659459
[N-]=[N+]=NP(Oc1ccccc1)(Oc2ccccc2)=O,193.483615
CCN(CC)c1ccccc1,167.1389047
O=C(C1CCCCC1)C1CCCCC1,203.7069917
COC(=O)c1cnc(Cl)c(Cl)c1,172.530462
CC(=O)Nc1ccc(cc1)C(F)(F)F,180.2801982
C[Si](C)(C)C#N,258.3165899
Nc1scnn1,191.358242
CCOC(CCCN)OCC,229.8615668
NCCc1c[nH]c2ccccc12,167.0322281
CCCC#C,243.7815989
Clc1cccnc1,190.7037502
CCOC(=O)C(=O)C(F)(F)F,186.2478087
CSc1nccc(Cl)n1,168.1441741
OCc1ccc(cc1C(F)(F)F)C(F)(F)F,194.8653898
CC(=O)c1ccccc1C,178.4177514
Cc1ccc(cc1)S(=O)(=O)F,190.1559348
OC(=O)c1ccc(Cl)cc1Cl,178.7415461
OC(=O)[C@H]1CCCN1,213.074446
Cc1cnccn1,185.0323238
S=c1cc[nH]cc1,139.2147542
O[C@@H](c1ccccc1)c1ccc(Cl)cc1,184.2234647
C[C@H](CCC=C(C)C)CC=O,196.0557744
C[C@H]1CCCO1,240.19664
CC(NC=C)=O,195.2820558
N#CCNCC#N,232.9269482
CC1=CCOC1=O,206.6694616
N#Cc1[nH]ncn1,204.2096264
CCCC[C@H]1CO1,256.8419437
CCOC(=O)C(CC=C)C(=O)OCC,220.7714714
OC(=O)[C@H]1CCC(=O)N1,233.4088751
CC(C)CCO,252.852869
ClCCCS(=O)(=O)Cl,214.0106894
Fc1c(Cl)cccc1C#N,178.215066
OCC(Cl)(Cl)Cl,240.7287676
C=CCOCC=C,220.7539011
CCOC(=O)[CH][N][N],176.8521165
Oc1ccc2ccccc2c1c1c(O)ccc2ccccc12,146.7580399
CC(=CCCC(=C)C=C)C,176.9286726
C[C@@H](N)CN,222.0873578
C1C=Cc2ccccc12,171.7743137
Brc1cscc1,184.8716815
OCCc1ccccn1,192.7946101
Cc1ccc(C(=O)O)c(O)c1,178.7635089
O=C1CCCCCC1,212.4161891
Brc1ccc(C=O)cc1,167.2575039
Cc1cccnc1C(=O)O,184.4882735
OCCc1sccc1,188.07888
Clc1ccc2nccn2n1,156.8214017
Cc1ccc(cc1)S(=O)(=O)N1CCCC1,184.4135999
CCN(CC)c1ccc2c(c1)Oc1cc(ccc1[C@@H]2c1ccc(cc1S(=O)(=O)[O])S(=O)(=O)Cl)N(CC)CC,110.2865893
[SiH2](c1ccccc1)c1ccccc1,192.1746313
CC(C)(C)C1CCC(=O)CC1,209.5321577
Cc1ccc(C)c(C=C)c1,169.9903056
NNS(=O)(=O)c1ccccc1,194.3571076
CC(=O)Oc1ccc(cc1)C(=O)C,175.8217467
CC1(C)[C@@H]2CC[C@@]1(CS(=O)(=O)Cl)C(=O)C2,189.8666531
C(n1ccnc1)c1ccccc1,182.8222371
C1CCC(=CC1)c1ccccc1,170.4540347
O=C1OC(=O)[C@H]2CCCC[C@H]12,230.713724
Brc1ccc(cc1)C#Cc1ccc(Br)cc1,143.3525485
C1CNC2=NCCCN2C1,192.2756602
Ic1ccccn1,180.4006799
FC(F)(F)C(=O)Oc1ccccc1,189.1531754
COC(=O)C(C)C,249.818863
Clc1[nH]nc2ccccc12,155.1032821
FC(F)(F)c1ccccn1,201.3488128
C(Nc1ccccn1)c1ccccc1,169.3132234
CC1(C)[C@H]2CC[C@H](C2)C1=C,216.3450229
COC(=O)C#CC(=O)OC,210.1897871
ClP(=O)(Cl)c1ccccc1,190.1295794
O=C1CCO1,254.4781173
CCCCOC(=O)/C=C/c1ccccc1,157.7626652
CN(C)c1ccccc1c1ccccc1P(C1CCCCC1)C1CCCCC1,156.0947463
COc1ccc(N)cc1OC,168.103386
CC(C)(C)OC(=O)C=C,209.0753311
COc1ccc(C=O)cc1OC,159.6018941
O(c1ccccc1)c1ccccc1,177.5248061
O=C1CCCN1c1ccccc1,179.9087128
Cc1ccccc1I,184.2021294
CC(C)(O)c1ccccc1,199.9438202
O=C1NCCO1,243.6604897
O=C1CN(C[C@@H]2N1CCc1ccccc21)C(=O)C1CCCCC1,189.5999618
Cc1cc(C)nc(N)c1,176.5239293
COc1c(Cl)cccc1Cl,191.0112296
COC(=O)c1ccc2cc[nH]c2c1,158.3650738
ClC(Cl)(Cl)C#N,238.0593443
Oc1ccc(I)cc1,174.9984549
CC(C)[C@@H]1CC[C@@H](C)CC1=O,208.1252825
c1ccc(cc1)/N=N/c1ccccc1,143.5953945
CCSSCC,180.2638829
CSc1ccc(Cl)cc1,179.2749287
NC=O,250.3422055
OCc1occc1,202.0685657
S=c1nc[nH]c2nc[nH]c12,138.9047647
N#Cc1ccccc1C#N,177.9552773
CC(=O)c1c(C)cccc1C,176.5596973
C[C@@H](N)C(=O)O,226.7315519
C1CNCCN1,210.5236219
Nc1cccc2ccc(O)cc12,143.8200427
CCCC#CC(=O)O,215.410662
Cc1ccccc1N(=O)=O,172.6132932
BrCc1cccc(CBr)c1,182.8303947
COc1cccc(c1)C#N,171.6017487
O=C1C=Cc2cccc3cccc1c23,128.8947412
CC(C)CO,251.6894673
Fc1cccc(Br)c1,189.2868348
CS(=O)(=O)O,274.4209809
S=c1[nH]c2ccccc2s1,150.9090119
CCCCCCCCCCCCCCl,253.5029683
COC(=O)c1c[nH]c2ccccc12,167.1169419
CC(C)(C)Oc1ccc(C[C@H](N)C(=O)O)cc1,186.5709759
Fc1ccccc1C#N,183.6568241
COC(=O)CC(=O)Cl,231.6637726
N#Cc1ccncc1,187.6885694
Cl[C@H]1SC(=C(C)N1Cc1ccccc1)CCO,157.259403
CC(=O)c1ccccn1,182.0064754
C[Si](C)(C)OP(O[Si](C)(C)C)O[Si](C)(C)C,215.0705521
Brc1ccc2ncccc2c1,157.6333983
CCc1cccc(N)c1,176.5822876
CCCSSC,182.8316497
ClC(=O)Cc1ccccc1,189.1625881
O=Cc1sccc1,168.696382
Brc1ccccc1C=C,170.5218057
OC(=O)CCc1cccnc1,194.7762836
Clc1cscc1,187.03596
NCCO,233.0926106
CC(=O)c1cccnc1,182.8605152
CC(C)(C)OC(=O)N[C@@H](Cc1ccccc1)C(=O)O,197.5134778
ClCc1cccc2ccccc12,154.7261491
CCCCC[C@@H](O)C#C,238.071267
CCC#CCO,230.5499441
Oc1ccccc1O,184.9319224
C=CCOc1ccccc1C=O,163.9222935
C[C@@H](NC(=O)C)C(=O)O,224.8452598
OC(=O)c1cccnc1Cl,176.9362027
N#Cc1occc1,184.7286095
Cc1c(Br)c(O)c(Br)cc1[C@]1(OS(=O)(=O)c2ccccc12)c1cc(Br)c(O)c(Br)c1C,161.1342711
CCCBr,231.8601829
C[C@@H](CCC=C(C)C)C=O,192.7519395
OCC(F)(F)C(F)(F)C(F)(F)C(F)F,267.5823878
S=c1[nH]cccn1,139.235462
OC(=O)c1sccc1,175.6253364
CCN(CC)S(F)(F)F,212.1068271
COC(=O)CCCCl,248.3693172
Fc1cc(F)cc(F)c1,207.8479235
[O][S@@](c1ccccc1)c1ccccc1,176.2522179
Cc1cc(Cl)nc2ccccc12,160.9692362
CCCCCCBr,232.4299611
NC1CC1,235.4250616
BrCC(=O)OCc1ccccc1,199.9149548
NNc1ccc(cc1)C#N,167.861795
O=Cc1csc2ccccc12,154.1751962
CCC(C)(O)CC,244.1016285
CCc1ccccc1,199.3853372
ClS(=O)(=O)C1CCCCC1,218.5337743
C1CCc2ccccc2C1,193.553896
C=C(c1ccccc1)c1ccccc1,164.6608716
COc1ccc(NC(=O)c2ccccc2)cc1,149.8108712
[nH]1c2ccccc2cc1c1ccccc1,147.008416
C[Si](C)(C)C,251.7948888
Cn1cnc(Br)c1Br,195.4132052
O=C1C=CC(=O)C=C1,157.7086994
OCCC#C,243.4948273
CN(C)C(=S)Cl,170.504863
CSc1ccc(Br)cc1,178.387631
O=C1CCCc2[nH]ccc12,181.1543182
Nc1ccccn1,176.0300797
OCC#CCO,219.068412
CC(C)(C)c1cc(C=O)c(O)c(c1)C(C)(C)C,151.1110698
CC(C)C(=O)C,216.353808
Clc1sccc1Br,178.1529426
CC(=O)c1cccc(N)c1,153.8507741
COC(=O)CC(=C)C(=O)OC,205.4364065
C(n1cccc1)c1ccccc1,170.7295112
O=N(=O)c1ccccc1c1ccccc1N(=O)=O,166.0344888
COC(=O)C(F)C(=O)OC,247.657722
Brc1cc2OCOc2cc1C=O,153.2333052
Nc1c(F)cc(F)cc1F,178.8952858
CC(=CCC/C(=C/CC/C(=C/CO)/C)/C)C,197.0014305
COc1cccc(OC)c1C#N,173.2847278
Cc1cc(Br)cc(C)c1N,172.2305127
[nH]1cccn1,227.3163903
COc1ccccc1N,178.5137603
FC(F)(F)S(=O)(=O)NS(=O)(=O)C(F)(F)F,275.8680166
C/C=C/C=O,194.9588887
Oc1cccc2cccnc12,153.1172161
CCOC(C)(OCC)OCC,251.105884
Cc1cccc(C)c1Br,190.2243333
CCOC(=O)C=O,188.4905259
O=Cc1cocc1,184.1318484
ON1C(=O)c2ccccc2C1=O,160.7157226
CC(C)(C)c1cccc(O)c1,186.2446712
OOC(=O)c1cccc(Cl)c1,173.2433122
CC1(C)[C@H]2CC=C(CO)[C@@H]1C2,204.9569896
N[C@@H](CO)c1ccccc1,198.7622207
c1ccc(cc1)c1ccccc1c1ccccc1,164.7531155
CCCCCCN=C=O,248.282721
O=N(=O)CC(=O)c1ccccc1,175.2739314
COc1cnccn1,180.1258309
Fc1c(F)c(F)c(Cl)c(F)c1F,195.57322
Nc1cccc(Cl)c1C(=O)O,168.8538868
Cc1ccc(cc1)[S@@](C)[O],180.2896108
O=C1OCc2cc(ccc12)C#N,176.7215946
COc1ccc(NC(=O)C)cc1,171.9631939
CC(=C)[C@H]1CC=C(C)C(=O)C1,182.3798433
CC(C)(C)OC(=O)N1CCC[C@@H]1C(=O)O,220.6120841
c1ccc(cc1)/C=C/c1ccccc1,142.5857325
CCOC(=O)C(=O)c1ccc(C)cc1,162.5643641
CC(C)CCC[C@@H](C)[C@H]1CC[C@@H]2/C(=C/C=C/3\C[C@@H](O)CCC3=C)/CCC[C@]12C,169.1525811
CC(C)C1CCC(=O)CC1,209.6269116
CCOC(=O)[C@@H](O)[C@@H](O)C(=O)OCC,235.1947658
O=N(=O)c1cccc(c1)c1ccccc1,152.9917143
ClCCCCBr,232.3057143
COC(=O)c1cccc2cc[nH]c12,152.9402585
CCOC(=O)CF,254.4950601
Oc1cc(O)c2c(=O)cc(oc2c1)c1ccccc1,153.4234405
CO[Si](OC)(OC)OC,263.6485339
OC(=O)c1cccnn1,170.6906056
C=CCCC=C,221.6255111
OC(=O)[C@@](c1ccccc1)(c1ccccc1)c1ccccc1,178.5350956
FC(F)(F)c1cccc(I)c1,180.1647365
C[C@@H](Br)C(=O)c1ccccc1,174.2209713
Oc1ccccc1,187.9289054
C[C@@H](Cl)C(=O)C,213.6216339
CC1(C)OC[C@@H](O1)C=O,205.8781728
Fc1ccc(I)cc1,180.6899615
OCC(O)CO,233.6492111
CI,195.293351
COc1ccc(cc1OC)C#N,174.623832
CCOC(=O)[C@@H](Cc1ccccc1)C(=O)C,191.877192
COC(=O)C(=O)C(F)(F)F,187.1131437
N#Cc1cccc2ccccc12,150.4873259
O=N(=O)c1cccc(I)c1,156.3583001
Cc1ccc(O)c(c1)C(=O)c1ccccc1,156.8690924
CC(=O)CS(=O)(=O)c1ccc(C)cc1,186.5050874
CC1(C)O[C@H](CP(c2ccccc2)c2ccccc2)[C@H](CP(c2ccccc2)c2ccccc2)O1,166.8439754
COc1cc(OC)c(C=O)c(OC)c1,167.6973877
CC(C)(C)OC(=O)N,251.2753114
NC(=O)c1cccc(N)c1,163.5589658
O=N(=O)c1ccc(/C=C/C=O)cc1,148.9925994
Clc1ccnc(Br)c1,187.6151509
COC(=O)c1ccc(F)cc1,186.4216287
COc1ccccc1/C=C/C=O,147.218004
COc1ccc(cc1)C(=O)CBr,161.5157965
OC(=O)c1cscc1,183.8607645
N[C@@H](CO)C(=O)O,229.7210048
CCCCC(C)(C)O,244.1204538
CCOC(=O)c1cc(C(=O)OCC)c(C)nc1C,178.3832384
C#CCc1ccccc1,200.2971077
[nH]1cncc1c1ccccc1,163.1592426
Cc1ccc(COc2ccc(CO)cc2)cc1,180.4006799
CC(C)(C)OC(=O)NCC(=O)O,231.8815182
Cc1cccc(C)c1C#N,180.7257295
O=C1C(=O)c2cccc3cccc1c23,144.0666538
CCOC(=O)C(F)(F)F,250.6992581
COc1ccc(cc1)C(=O)O,178.2489515
c1ccc2cc3ccccc3cc2c1,126.7737607
C1CC=CO1,209.2573088
Brc1cccc2ncccc12,155.1528553
COc1ccc(Br)c2ccccc12,149.7788682
Cc1ccc(c(N)c1)C(=O)O,157.4972289
C1CCCCCC=CCCCC1,212.5906366
CC1(C)[C@@H]2CC[C@@]1(C)C(=O)C2,207.0647923
ClP(Cl)Cl,205.7802814
O=c1cc[nH]cc1,184.4713308
OCc1cccc(CO)n1,189.0427338
N(c1ccccc1)c1ccccc1,159.8208947
C1CCC(CC1)C1CCCCC1,244.2051675
ClC(=S)Cl,154.192139
Fc1cncc(F)c1,192.8423008
Cc1cccc(C)c1N(=O)=O,171.1869652
CC[C@@H](C)N,230.5725345
CC[C@@H](C)c1ccccc1N,176.7573626
COc1cccc(C=O)c1,162.5875819
OC(=O)c1ccccc1O,165.4289427
Nc1ccccc1Cl,174.7869844
C/C=C/CBr,204.359601
CC(=CCO)C,213.565158
CC(=C)C=O,195.2017347
CC(C)OC(=O)C(C)(C)Oc1ccc(cc1)C(=O)c1ccc(Cl)cc1,157.8197685
C=C1CCCCC1,215.7708522
CC(=O)c1cc(cc(c1)C(F)(F)F)C(F)(F)F,184.8886243
CC1=CC(=O)[C@H]2C[C@@H]1C2(C)C,185.251952
C[Si](C)(C)OC(=C)c1ccccc1,168.2803435
OC(=O)c1ccc2ccccc2c1Br,150.8845391
CCOC(CN)OCC,230.6597582
Oc1c(Cl)cc(Cl)cc1C=O,155.9416341
C=Cn1c2ccccc2c2ccccc12,151.3765061
OC(=O)c1ccccc1,186.4216287
CCN(CC)C(=O)CCl,208.853193
COc1cc(C=C)ccc1O,157.8699692
C[Si](C)(C)OCC#C,232.2348058
Oc1ccc(cc1)[C@]1(OC(=O)c2ccccc12)c1ccc(O)cc1,161.2785981
CSc1ccc(F)cc1,183.5363424
FC(F)(F)c1ccc(Cl)cc1,191.1574392
O=C(/C=C/c1ccccc1)c1ccccc1,146.5057812
OC/C(=C(\Br)/CO)/Br,191.3431818
ClS(=O)(=O)C1CC1,229.0094096
CC(=CCC/C(=C/CO)/C)C,200.8875937
COC(=O)/C=C/C(=O)OC,192.401162
CC1(C)C[C@@H]2[C@@H]1CC[C@]1(C)O[C@@H]1CCC2=C,207.4387877
COc1ccc(cc1)C(=O)c1ccccc1,159.4870599
CC(=O)Nc1ccccc1C,180.1139083
C1C=CCC=C1,208.1635606
CC1(C)OC(=O)CC(=O)O1,236.4780217
N#Cc1csc2ccccc12,161.2629104
Fc1cc(Br)c(Br)cc1F,180.8863718
FC(F)(F)c1ccc(C=O)cc1,179.0603207
NNc1c(F)c(F)c(F)c(F)c1F,183.8375467
C[C@@H]1CCc2ccccc2C1=O,176.8533715
Clc1cccc(Br)c1,188.0782525
CC(C)OC(=O)C(=C)C,202.2618384
CC(C)(C)OOC(C)(C)C,230.188499
CCCCCCCCCCCCCCCCCCBr,232.6037811
CN1C(=O)CC(=O)N(C)C1=O,211.1611711
C[Si](Cl)(Cl)c1ccccc1,194.9231207
O=c1[nH]c(=O)c2ccccc2[nH]1,167.1200794
CCCC[C@@H](Br)C(=O)OC,211.6951812
O=N(=O)/C=C/c1ccccc1,153.0350124
Fc1ccc(Oc2ccc(F)cc2)cc1,170.5142756
CCOC(=O)c1ccccc1C(=O)OCC,184.1519287
CCOC(=O)N,256.0644601
CC(C)(C)c1ccc(cc1)C(C)(C)C,191.875937
Oc1ccc2c(O)cccc2c1,151.6657878
Brc1ccc(cc1)C(=O)c1ccc(Br)cc1,161.3551542
OC(=O)CNC(=O)c1ccccc1,189.717306
Cc1ccc(cc1)S(=O)(=O)N,190.5481279
Clc1cccc(Cl)c1C#N,174.763139
CC1=CCC=CN1[O],165.1271108
OC[C@H]1CCN(CC1)Cc1ccccc1,180.2525878
CCCCCCCCCCCC,258.3787133
CC(C)[C@@H](C)/C=C/[C@@H](C)[C@H]1CC[C@H]2C3=CC=C4C[C@H](O)CC[C@]4(C)[C@H]3CC[C@]12C,161.1286235
O=C1CCCN1,233.4364855
COC(=O)CCC(=O)O,227.2166163
O=C1CCC(=O)O1,237.2831157
Nc1ccc(F)cn1,168.7672905
Clc1cnc2ccccc2n1,159.6891178
CN(C)P(=O)(N(C)C)N(C)C,204.5497362
CCOc1ccccc1N,175.8342969
OCCCCC=C,226.5087862
OC(=O)c1ccc[nH]c1=O,153.7365675
CNc1ccccc1C(=O)O,171.8464772
NC1CCCC1,228.9780341
CC(=O)NN,228.9184207
ClC(=O)c1ccccc1,178.5018376
Cc1ccc(Cl)cc1,187.8523493
Oc1ccc2ccc(=O)oc2c1,154.2542624
COc1ccc(Cl)cc1,178.0839167
O=Cc1[nH]ccc1,169.9539101
O=N(=O)c1ccc2c(Cc3ccccc23)c1,145.9956164
C#CCCCC#N,240.821639
CC(C)c1ccc(Br)cc1,186.3601329
Cc1ccc(C(=O)O)c(N)c1C,156.2899016
c1ccc(cc1)c1nccc2ccccc12,149.6646616
CCCCCCCCC=C,225.4564536
CCC[C@@H](C)Br,231.1831007
CN(C)C[C@@H](c1ccc(O)cc1)C1(O)CCCCC1,181.7786896
CC(=O)C(=O)O,188.464798
CC[SiH2]CC,246.5219307
CC(=O)Cl,234.4386174
CCCCC#Cc1ccccc1,173.6543306
Cn1c(=O)[nH]c(cc1=O)Cl,187.1181637
COC(=O)c1ccccc1S,156.0985113
BrCCCCCCBr,230.3497688
CC(C)[C@@H](O)C#C,238.765292
COc1ccccc1C=O,163.8651902
Cc1ccc(cc1)S(=O)(=O)Nc1ccccc1,179.0383578
Nc1ccc2ccc3cccc4ccc1c2c34,124.1551657
C#CC1CC1,231.6085518
Brc1cccnc1,187.4463509
CC(=O)NNc1ccccc1,181.8954063
Cc1ccc(C)c(C)c1C,191.9732009
N[C@@H](CC(=O)N)C(=O)O,219.7724771
c1ccc2ncccc2c1,162.2851226
O=C(C1CC1)C1CC1,214.8390013
IC1CCCCC1,191.1342213
COC(=O)c1cc(=O)[nH]o1,172.8711994
CCOC(=O)CCCBr,234.1003901
COc1ccccc1O,184.9482376
COc1c(C)cccc1C,196.3099156
O=C1c2ccccc2c2ccccc12,142.1389461
Cc1cc(C)c2NC(=O)C(=O)c2c1,137.3284621
CCCCOC(=O)/C=C/C,203.0393221
Cc1ccc(Br)c2ccccc12,151.0646341
Nc1ccc(F)cc1C(=O)O,173.3393211
Nc1ccccc1O,182.3854909
Cln1c(=O)n(Cl)c(=O)n(Cl)c1=O,196.0300465
CC[Si](Br)(CC)CC,233.6090505
OC(=O)c1ccccc1C(=O)c1ccccc1,172.1094035
OC(=O)CC1CCCCC1,249.296148
CCOC(=O)C#Cc1ccccc1,167.4564242
CC(=O)c1ccncc1,178.9392114
CC(=O)CCC(=O)C,219.2133666
CC(C)(C)C#C,243.3567753
CNc1ccc(F)cc1,166.0771594
CC(=O)C1CCCCC1,213.6793647
N[C@H](COCc1ccccc1)C(=O)O,199.6576761
C[C@@H](Cc1ccc2OCOc2c1)C=O,174.2234813
Cn1cccc1C(=O)O,181.9167416
[nH]1c2ccccc2c2ccccc12,156.037643
F[Si](F)(F)c1ccccc1,195.3165688
Fc1c(F)c(F)c(c(F)c1F)C(=O)c1c(F)c(F)c(F)c(F)c1F,162.8429781
o1ccc2ccccc12,175.8989303
NC1(CCCC1)C(=O)O,231.1824732
CC[C@@H](C)[C@@H](NC(=O)C)C(=O)O,223.2036963
Brc1ccc(cc1)C#C,168.6574765
CCCCOC=C,223.251387
CCCCCCCCCCCCN,229.2415879
Nc1ccc(Br)cc1,169.3715817
COc1cc(/C=C/C=O)ccc1O,142.5016463
COc1cccc(CCl)c1,183.4309208
BrCC(=O)c1ccc(Br)cc1,162.8134851
Cn1cncc1N(=O)=O,170.821755
CN(C)c1ccccn1,166.7297688
Cc1ccc(O)c(c1)C(=O)O,173.2301345
O=S(=O)(Sc1ccccc1)c1ccccc1,169.2937706
O=C1CCCCCCCCCCC1,212.5090604
CC(C)(C)c1ccc(cc1)C(=O)O,184.5265516
CCOC(=O)COc1ccccc1,187.0058396
O=N(=O)c1cccc2cnccc12,147.7570342
COP(=O)(OC)OC,271.3700321
Nc1cncc(Cl)n1,168.0556953
C[Si@@](Cn1cncn1)(c1ccc(F)cc1)c1ccc(F)cc1,186.4486116
COC(=O)[C@@H](C)Br,212.8554454
N[C@H](CO)c1ccccc1,197.49026
COc1ccccc1CC(=O)O,187.5593026
CCCCCCCCCCCCCCCC,258.4364441
C[C@H]1CC(=O)CC(C)(C)C1,207.6502582
Clc1ccc(I)cc1,179.8848675
c1ccc(cc1)c1cccnc1,171.1612374
COc1ccc(/C=C/C)cc1,159.9721244
CCCCc1ccc(N)cc1,172.7036545
COc1ccncc1,201.9248661
COC(=O)Cc1cccc(C)c1,193.9768371
COc1cc(C)cc(C)c1,184.5786348
COc1ccc(Br)cc1,176.9054548
CCOC(=O)C[N][C],255.012755
C(NCc1ccccn1)c1ccccn1,178.7308784
OCc1cccc(Br)c1,188.1253157
CCCC[C@@H](CC)[C@@H](O)C#C,237.930705
O[C@@](c1ccccc1)(c1ccccc1)c1ccccc1,184.9225097
Cc1ccccc1NC(=O)C(C)(C)C,179.6959873
CCOC(=O)c1ccc(cc1)C#N,174.866678
CCNc1ccccc1,172.8962998
Nc1cc(F)ccc1F,178.2263612
c1ccc(cc1)C#Cc1ccccc1,150.0330093
NC1CCCCCC1,229.4869439
O=Cc1ccccc1C#N,171.3369399
CC(C)CCO[N][O],205.373028
COc1ccc2ncccc2c1,156.7762211
OC(=O)CCCc1c[nH]c2ccccc12,166.8659383
Cc1cnc(C)cn1,183.6342338
OC(=O)c1ccncc1,182.2392813
Oc1cccc(F)c1,190.9428311
COc1ccccc1C(=O)C,167.960314
Oc1c(F)cc(F)cc1F,188.5200188
o1cc2ccccc2n1,152.7482408
CCCCCCOC=O,255.9897865
Nc1cccc2ccccc12,147.1721958
FC(F)C(F)(F)Oc1ccc(Br)cc1,183.6298412
NOS(=O)(=O)O,260.975973
Oc1cccc(Br)c1,184.7593574
Cc1ccc(C=O)cc1,174.6194395
CC1=CC(=O)CCC1,189.2680096
O=C(CC#N)c1ccccc1,176.3413242
Nc1ccc(F)cc1,170.6780554
CN1CCOCC1,206.6838943
OCCCl,253.8455883
O=N(=O)c1ccc(cc1)S(=O)(=O)Cl,173.9486323
OC(=O)c1ccc(O)cc1,177.7551019
OC(=O)c1oc(cc1)C(=O)O,172.5066167
C[C@@H]1CC(=O)C=C2CC[C@H](C[C@@]12C)C(=C)C,186.8307646
C[C@@H]1NC(=O)O[C@@H]1c1ccccc1,199.3006235
CC(C)S(=O)(=O)Cl,227.9106413
C#Cc1ccccn1,177.7569845
CN(C)c1ccc(cc1)C(=O)O,161.3250338
c1ccc2ncncc2c1,163.8783679
O=N(=O)c1cc(c(Cl)cc1Cl)N(=O)=O,168.3380744
COc1ccc2ccccc2c1,156.7661809
CCOC(=O)Cc1ccc(Br)cc1,185.6629704
COC(=O)CC(=O)CCl,213.9629987
CC(=O)[C@@H]1CCc2ccccc2C1=O,172.7582478
Cc1ccc(cc1)C#N,182.4262789
N[C@@H](Cc1ccccc1)C(=O)O,197.5599135
Fc1ccc(cc1)C(=O)c1ccc(F)cc1,171.1537073
Brn1c(=O)[nH]c(=O)n(Br)c1=O,181.2038914
Nc1ccc2nc3ccccc3nc2c1N,111.3125665
O=N(=O)c1cccc(c1)C#N,174.1180598
S(c1ccccc1)c1ccccc1,167.0334832
Cc1cccc(C)c1,195.3008811
N#CSCc1ccccc1,188.7013689
CC(C)OC(=O)C(C)C,248.7778256
CCOC(=O)c1cccnc1,187.9834986
ClC(Cl)(Cl)c1ccccc1,190.2237058
CCCCCC#CC(=O)OC,210.8505541
O=S(=O)(CC#N)c1ccccc1,192.1012127
CCCN(CCC)S(=O)(=O)c1ccc(cc1)C(=O)O,165.7138317
COc1ccc2[nH]c(C)cc2c1,167.5649833
CC(=C)C(C)(C)C,222.0553548
BrN1C(=O)CCC1=O,199.9381726
Cl[P@@](=O)(c1ccccc1)c1ccccc1,180.7972656
Fc1cnc(F)c(F)c1,188.216932
N[C@@H](CCO)C(=O)O,222.8554288
O=N(=O)c1ccc(F)cc1,177.1915989
BrC1CCCCC1,230.1627711
CCCCCC(=O)CCCCC,214.1456039
O=c1[nH]c(=O)[nH]c(=O)[nH]1,245.3039358
C=Cc1ccccn1,169.4211549
CCC/C=C/CCC,219.9211967
Nc1cccc(c1N)N(=O)=O,139.2706025
Nc1cccc(c1)N(=O)=O,146.5246065
C(Nc1ccccc1)c1ccccc1,165.1691539
CC(=O)c1c(C)[nH]cc1C,176.4931813
CNCC(=O)O,228.0957564
Nc1cccc2cccc(N)c12,145.7791258
Cc1ccnc(C)c1,196.0570294
CN,231.4083765
C/C(=C\c1ccccc1)/C(=O)O,163.8771129
CN(C)c1ccc(cc1)C#N,162.3698363
FC(F)(F)Sc1ccc(CBr)cc1,181.4360697
O=c1[nH]c2ccccc2o1,181.3011553
Cc1ccncc1,202.6289312
COC(=O)c1ccc(O)cc1,178.1648653
OC(O)C(Cl)(Cl)Cl,241.3286662
CSS(=O)(=O)C,202.2775262
CC1(C)CCC(=O)C=C1,187.2198202
OC(=O)CC=C,229.0250973
OC(=O)CCC=C,226.6813512
OCC#C,229.9425154
CC1=CC(=O)CC1,192.3001331
CC1=CC[C@@H]2C[C@H]1C2(C)C,206.832614
CCCCI,194.3771878
CCCc1nc2c(C)cc(cc2n1Cc1ccc(cc1)c1ccccc1C(=O)O)c1nc2ccccc2n1C,140.769094
CC(C)(C)OC(=O)c1ccccc1,187.20727
OC(=O)CCC(=O)c1ccccc1,180.5883051
N[C@@](c1ccccc1)(c1ccccc1)c1ccccc1,181.5565515
Fc1c(F)c(F)c(c(F)c1F)C(F)(F)F,192.1420008
CC(=O)c1ccc(cc1)N=C=O,165.3561516
CCOC(=O)OC(=O)OCC,265.1558105
Oc1ccc(cc1)C(=O)/C=C/c1ccccc1,146.839616
Oc1ccc(cc1)/C=C/c1ccccc1,139.3433935
CCC(=O)Cl,230.050447
COc1ccc(CCC(=O)O)cc1,178.874578
OC(=O)c1ccc2ccccc2n1,155.1459527
FC(F)(F)c1cccc(Br)c1,185.9729598
Cc1ccc(CN)cc1,192.2894654
N#Cc1ccccc1n1ccnc1,156.9362358
[O]N1C=C[C@H](C=C1)C#N,151.2441017
NCCC1=CCCCC1,211.5922697
FC(F)(F)C(=O)c1ccc(cc1)C(F)(F)F,173.506866
COCC(=O)OC,239.6375295
CC(C)(C)c1ccccc1N,177.7620045
COC(=O)Cc1cccc(Cl)c1,191.2961187
Cc1ccnc2ccccc12,160.9642161
COC(=O)/C(=C\C)/C,193.2796746
CC(=C)C=C,182.294502
CC(=O)CCc1ccccc1,195.8066533
O=C1OC(=O)c2ncccc12,182.4099637
CC(C)C[C@@H](N)C(=O)O,224.3677255
CC(C)/C=C\C=O,190.69622
[nH]1nccn1,232.5780532
OC(=O)COCCOCC(=O)O,243.8054443
C/C=C/CCl,216.4447968
Oc1ccc(cc1C=O)N(=O)=O,169.0421395
CC(=C)CC(C)(C)C,215.0768272
OC(=O)C1CCC1,239.6532172
Cc1cc(Br)c(C)cc1Br,179.3853703
COc1cc(N)cc(c1)C(F)(F)F,172.4382182
ClC(=C(Cl)Cl)Cl,189.962662
O=N(=O)c1cccc(Br)c1,162.592602
OC(=O)[C@H]1Cc2ccccc2C1,192.2449123
OC(=O)CCCl,250.3409505
CCN(O)CC,222.0992804
C[C@@H](C=O)c1ccccc1,191.4310331
SCCCS,207.6408456
C1CCC(CC1)NC1CCCCC1,207.0961678
Nc1ccc(CCO)cc1,172.6321185
O=N(=O)c1cccnc1Cl,173.6273477
COC(=O)[C@@H](Br)c1ccccc1,177.6892135
Brc1ccc2ccccc2c1,156.0257203
Oc1ccc(C=O)cc1,169.9413599
O[C@]12C[C@H]3C[C@H](C[C@H](C3)C1)C2,232.8014464
Fc1c(F)c(F)c(c(F)c1F)C(=O)C(F)(F)F,168.1297414
Cc1ccc(C)c(Cl)c1,189.2033761
Oc1ccccc1F,189.2152988
ClC(=O)OCC(Cl)(Cl)Cl,240.7337877
CC(=CC(=O)Cl)C,189.089797
CC(=O)OC/C=C/c1ccccc1,167.5041149
Oc1ccc2ccccc2c1Br,149.5391598
C[C@@H](O)c1ccccc1,198.8663872
CC(C)(C)OC(=O)CC(=O)OC(C)(C)C,244.0746456
NC(=O)[N][N]C(=O)N,156.2541336
COC(=O)c1ccccc1Cl,177.0397417
CC1(C)C(C(=O)O)C1(C)C,233.1290061
Fc1cncc(Br)c1,184.6332281
Cc1ccc(Br)cn1,182.4494968
Clc1[nH]c2ccccc2n1,178.9467415
OC(=O)Cc1c[nH]c2ccccc12,169.3056933
COCCOC,255.466444
COC(=C(C)C)O[Si](C)(C)C,195.9459603
OC(=O)c1ccccc1Oc1ccccc1,170.7100584
OC(=O)/C=C\c1c[nH]c2ccccc12,144.4757896
O,282.7618305
COC(=O)CC(=O)C(C)(C)C,211.8125254
O=C1CCOc2ccccc12,164.445636
Brc1cccc2ccccc12,153.6066731
COc1ccc(CC=C)cc1,179.8886325
CCCC[C@@H](O)C=C,224.7285432
COC(=O)C(Br)C(=O)OC,214.2886759
CCCC[C@@](O)(CC)C#Cc1ccccc1,174.5623361
FC(F)(F)c1cc(cc(c1)C(F)(F)F)N=C=S,156.3043343
OC(=O)CCCCCCCCCCCCCCC(=O)O,243.9252985
Cn1cccc1C(=O)C,171.0495408
CNCc1ccccc1,194.3363998
O=N(=O)c1ccc2nc[nH]c2c1,161.6243556
NS(=O)(=O)c1ccc(F)cc1,194.946966
C[C@@H](O)CC#C,233.7941657
COc1ccccn1,184.9494926
FC(F)(F)Oc1ccc(cc1)S(=O)(=O)Cl,181.0131287
OCC(=C)Cl,209.9971419
COC=O,259.5314473
OC(=O)c1cccc(O)c1,168.9298154
OC(=O)CCCC[C@@H]1SC[C@H]2NC(=O)N[C@@H]12,202.9828463
CC(=O)CCl,215.6076998
O=C(c1ccccc1)c1ccccn1,163.1347697
OCCCCCCCl,247.3263973
BrCCCC#N,233.9322177
Cc1ccc(F)cc1,190.6686097
C[C@H]1CCC(=O)C1=O,158.0908524
CS(=O)(=O)N,263.4376908
Fc1ccc2[nH]ccc2c1,169.4901809
OC(=O)c1ccccc1N(=O)=O,168.5012267
CCOC(=O)CC(C)C,251.7948888
ClC(Cl)C(=O)Cl,215.0849848
CC(C)(C)O[N][O],201.7861866
ClCN1C(=O)c2ccccc2C1=O,173.7898726
CCCCCCCCCCCCCC(=O)O,250.0529239
C1C(=C(c2ccccc2)C(=C1c1ccccc1)c1ccccc1)c1ccccc1,131.9682802
COC(CC(OC)OC)OC,248.9208976
C=Cc1ccncc1,174.83342
Fc1c(F)c(F)c(C#N)c(F)c1F,182.5135027
COc1cc(Br)cc(OC)c1OC,184.5767523
CN(C)P(N(C)C)N(C)C,193.0092182
OCc1c[nH]c2ccccc12,169.2360398
CNS(=O)(=O)c1ccc(C)cc1,189.1356052
O=N(=O)c1ccc(I)cc1,157.958448
FC(F)(F)c1ccc(cc1)C(=O)Cl,177.5524165
C1Cc2ccccc2N1,170.7935171
Fc1ccc(cc1)C(=O)CBr,172.4677111
COC(=O)OC,282.0458427
c1ccnnc1,177.8159703
C/C(=C\C#N)/N,185.7602343
COC(=O)C(=O)c1ccccc1,166.4492723
BrCCc1ccccc1,196.3638813
COC(CN)OC,232.0653784
O=N(=O)c1ccccc1C=O,172.984151
Cc1cccc(Cl)c1,191.7824381
O[C@@H](/C=C/c1ccccc1)c1ccccc1,163.8758579
Nc1cc2ccccc2cc1C(=O)O,150.1177231
CCCCCCCBr,230.4677405
N[C@H]1CC[C@H](O)CC1,222.6834913
CC1(C)[C@@H]2CC[C@@](C)(C2)C1=O,206.2496581
OC(=O)c1ccnc2ccccc12,148.4899647
Cl[Si](Cl)(Cl)Cc1ccccc1,193.2614768
CCC(=CC)CC,213.4289886
Cc1cccc(Br)c1,189.2918549
CC(=O)Nc1ccc(F)cc1,179.0352203
OS(=O)(=O)O[N][O],206.5803554
[nH]1ccc2cccnc12,169.5284589
Cc1ccc(CO)cc1C,192.6596957
CC(C)C#N,271.6499011
CCCCCCCCCCCCCCCCCCCCBr,231.1266249
CC(C)COC(=O)Cl,256.93105
CSCCl,210.73572
Nc1c(Cl)cccc1Cl,172.4507684
Clc1ccccc1CC#N,193.060674
Fc1ccccc1c1ccccc1,170.5694964
CC(=O)OCC=C,226.1667938
O=[P@]12O[P@]3(=O)O[P@](=O)(O1)O[P@](=O)(O2)O3,268.0574121
Cc1ccccc1CC#N,197.0233933
O=C(Nc1ccccc1)c1ccccc1,160.1453169
Cc1ccnc(c1)c1cc(C)ccn1,164.9419957
ClB(Cl)Cl,222.278748
Oc1c(Br)cc2c(Oc3c(Br)c(O)c(Br)cc3[C@@]32OC(=O)c2ccccc32)c1Br,157.1163309
OCCCCCCCCC=C,226.146086
Nc1ccc(Cl)cc1Cl,167.6264792
Brc1cc(Br)cc(Br)c1,185.8079249
[O]N1C=CCC=C1C1=CCC=CN1[O],154.4086296
O=C1CCCc2ccccc12,176.6713939
CCOC(=O)c1ccccc1C,179.9953091
C/C(=N/[Si](C)(C)C)/O[Si](C)(C)C,212.7801443
OP(=O)(O)O,259.9230129
CCC/C=C\CCC,220.2387163
COc1ccc2C(=O)CCCc2c1,169.2121944
Sc1ccc(cc1)c1ccc(S)cc1,151.0715367
CC(C)(C#N)C#N,269.2195588
BrCC1OCCO1,233.4929614
CC(=O)c1ccc2ccccc2c1O,145.4051305
Cc1ccccc1N=C=O,182.9778593
COC(=O)c1ccc(c(N)c1)C(=O)OC,142.7670826
Clc1nc(Cl)c(Cl)c(Cl)c1Cl,172.5191668
COc1cccc(c1)C(F)(F)F,181.62997
N#Cc1cccc(c1)C#N,181.3877515
COC(=O)c1ccc(OC)cc1,175.7884887
ClCCc1ccccc1,199.7925905
c1cnn2ccnc2c1,157.2405777
Cc1cc2nc3c(=O)[nH]c(=O)nc3n(C[C@@H](O)[C@@H](O)[C@@H](O)CO)c2cc1C,127.974813
CC(C)(C)c1ccc(C=O)cc1,174.1513178
O=C(n1ccnc1)n1ccnc1,174.1952434
CCOC(=O)/C=C(/C)\N,181.3864965
OC(=O)CCCCCCCCCCCC(=O)O,248.4734837
COCCOCCOC,246.6687678
SCCCCl,212.8880758
CC(=O)Oc1ccccc1C(=O)O,194.0301754
Cc1cccc(c1)N=C=O,184.0195243
NCCCO,230.5995174
C[C@@H](N)c1ccccc1,196.7523094
Nc1ccnc(Cl)c1,189.6351023
CC(=O)O[C@H]1CC(=O)N1,233.7414549
Clc1sccc1,182.8617702
Nc1ccc2[nH]ncc2c1,155.2243913
OC(=O)c1ccc(Cl)c(c1)N(=O)=O,170.7131959
CC(=O)c1sccc1,170.3385731
ClC(=O)OC[C@@H]1c2ccccc2c2ccccc12,162.1458156
CCCc1ccccc1,199.0527574
Nc1ccc(Cl)nc1,167.2148333
CC(=O)Nc1ccc(O)cc1,172.0485351
Fc1ccc(CBr)cc1,186.2271009
C=Cc1ccccc1,168.4754988
CN1CCCC1,214.645101
CCCCc1occc1,200.7903298
C[C@H]1CCCCN1,210.843024
CC(C)CCN,230.6559932
COc1cc2OC[C@H]3Oc4c5C[C@@H](Oc5ccc4C(=O)[C@H]3c2cc1OC)C(=C)C,143.7058361
OC(=O)C[C@@H](c1ccccc1)c1ccccc1,188.2244621
O=C(/C=C/c1ccccc1)c1ccccc1,146.5051537
Nc1ccc(cc1)C(=O)c1ccccc1,151.2133538
OCCCCCc1ccccc1,197.2191761
Cc1ccnc(Br)c1,188.0048339
OC[C@H]1OC(=O)[C@H](O)[C@H](O)[C@@H]1O,228.0173178
ClC(Cl)(Cl)OC(=O)OC(Cl)(Cl)Cl,236.6512142
CC(=O)N[C@@H](Cc1ccccc1)C(=O)O,198.6662119
OC(=O)CCl,250.4087215
C=Cc1ccc(cc1)c1ccccc1,151.9876999
Nc1cc(Br)ccn1,174.65458
Fc1ccc(cc1)C(=O)C(F)(F)F,172.8322938
OC[C@@H](Cl)CCl,253.8179779
COC(=O)c1ccc(Cl)nc1,179.4129807
Nc1c(F)c(F)c(F)c(F)c1F,187.2173102
BrCCN1C(=O)c2ccccc2C1=O,170.5393759
CCCC(=O)N,240.1119263
Nc1ccc(cc1)C(=O)O,169.1651312
CC(=O)c1ccc(cc1)c1ccccc1,157.1671592
COc1ccc(N)c(c1)C(=O)O,167.4978398
CC(=O)c1ccc(cc1)C(F)(F)F,180.7332597
COC(OC)c1ccccc1,200.5167359
C/C=C/c1ccccc1,166.0564517
CC(C)(C)OC(=O)Nc1ccc(cc1)B1OC(C)(C)C(C)(C)O1,172.1363864
FC(F)(F)C(=O)c1c2ccccc2cc2ccccc12,120.6172699
CC(=O)c1oc2ccccc2c1,157.2587755
N[C@@H](Cc1cccc2ccccc12)C(=O)O,154.9501699
O=N(=O)c1ccc(SSc2ccc(cc2)N(=O)=O)cc1,137.9967592
CCOC(=O)CP(=O)(OCC)OCC,245.3139759
NC(=O)c1ccccc1,189.9218739
C#CC1=CCCCC1,185.8229852
CC(=O)CC(=O)c1ccccc1,174.7807093
O=C1CCC(=O)C1,192.3177033
NC(=O)CI,191.6054806
Fc1ccc(Br)nc1,180.9905383
O=C1COCCN1,231.968742
CCOC(=O)c1ccc(N)cc1,167.0893315
COCOC,268.3736766
OCC1CC1,250.5197906
CN1CCCC1=O,224.6406919
C[C@@H](O)CN,234.827673
CC(C)N(=O)=O,228.938501
Nc1cccc(=O)[nH]1,160.9121329
Clc1ccc(Br)cc1,182.8680453
Cc1cccc2nccnc12,155.5350082
c1ccc(cc1)c1cc(cc(c1)c1ccccc1)c1ccccc1,163.498725
CC(=O)OOC(C)(C)C,250.1351275
CCc1cccc(CC)c1N,177.0039737
CC(C)c1ccc(C)cc1O,186.0714787
C[C@@H]1[C@@H](O)C[C@@H]2C[C@H]1C2(C)C,235.6898704
C/C=C/C(=O)N,205.4690369
CC(C)(C)N,224.9720166
Nc1cccc2cccnc12,140.075069
N1c2ccccc2C=Cc2ccccc12,136.9368965
CCCCC(=O)OC,256.8538664
Fc1c(F)c(F)c(P(c2c(F)c(F)c(F)c(F)c2F)c2c(F)c(F)c(F)c(F)c2F)c(F)c1F,170.8619156
CCOC=O,257.1569533
OC(=O)c1c(F)c(F)c(C(=O)O)c(F)c1F,166.4461347
BrCc1ccccc1Br,180.2155647
COc1ccc(cc1OC)C(=O)O,170.0091308
Fc1ccc(SC(F)(F)F)cc1,194.8509571
Fc1ccc(Br)c2ccccc12,152.4426439
Cc1cc(C)c(C=O)c(C)c1,169.7003964
[O]N1C=C[C@H](C=C1)c1ccccc1,145.5205921
C[C@H](CCC(=O)O)[C@H]1CC[C@@H]2[C@H]3CC[C@@H]4C[C@H](O)CC[C@]4(C)[C@H]3C[C@H](O)[C@]12C,232.6771997
Fc1ccc(C=O)cc1,178.3374303
FC(F)(F)C(=O)OC(=O)C(F)(F)F,231.7095808
COC(=O)c1ccc(I)cc1,168.7553679
O=S(=O)(NS(=O)(=O)c1ccccc1)c1ccccc1,187.5775003
COc1ccccc1,186.790604
CN(C)C(=O)c1ccc(F)cc1,189.5485061
O=Cc1cccnc1,178.4516369
N[C@@H](Cc1c[nH]c2ccccc12)C(=O)O,165.5594645
Nc1ccc(cc1)C#N,169.565482
C1COC1,247.8497398
CC(=O)CC(=O)OC(C)(C)C,220.3008396
Cc1ccc(Br)nc1,183.1730146
COc1cc(c(O)c(c1)C(C)(C)C)C(C)(C)C,172.4677111
Ic1ccc(cc1)C#N,168.7164623
Cn1cncc1Cl,207.2794004
CCOC(=O)[C@H]1CCCNC1,215.3705014
Cl[Si](Cl)(Cl)c1ccccc1,192.7713923
CS(=O)(=O)C=C,218.6078204
O=N(=O)c1ccc(/C=C/C(=O)c2ccccc2)cc1,144.0886166
ClC(=O)CCCC(=O)Cl,227.9231915
CC(C)C(=O)OC(=O)C(C)C,232.2686913
COc1ccc(C=O)cn1,169.7411845
CC(=O)c1ccc(Cl)cc1,172.7337749
CC(C)[C@@H]1CC[C@@H](C)C[C@H]1O,239.014413
C[C@@]12CC[C@H]3[C@H](CCc4cc(O)ccc34)[C@@H]1CCC2=O,179.5372275
COc1ccc2nccc([C@H](O)[C@H]3C[C@@H]4CCN3C[C@@H]4C=C)c2c1,149.5736727
CC(=O)Nc1ccccc1,182.5599384
CC(C)c1cc(C(C)C)c(C(=O)O)c(c1)C(C)C,184.977103
Cl[Si](Cl)(Cl)C1CCCCC1,248.0574452
COC(=O)c1ccc2ccccc2c1,152.7833813
ClC(Cl)(Br)C(Cl)(Cl)Br,203.3110335
COC(=O)c1cccc(C)c1,180.4257802
COC(=O)[C@@H](N)CC(C)C,232.2737114
NC1CCC1,229.8276813
OC(=O)c1ccccc1c1ccccc1,168.3970602
CC(=O)C(=O)C,171.8715776
CC(C)[C@@H](NC(=O)OC(C)(C)C)C(=O)O,228.3191497
CC1([C@@H](C=C(C=C1)S(=O)(=O)O)[C@]1(C)C[C@H](N)C[C@](C)(CN)C1)C,162.9320843
ClC(=O)N1CCCC1,230.6679158
OC(=O)c1ccccn1,189.3188378
Clc1ccc(Cl)c(Br)c1,181.144278
Nc1cccc(Br)c1,175.2582436
Fc1ccc(CCCl)cc1,192.0987027
NC(=O)c1ccccc1N,168.1717845
N[C@@H](CC(=O)O)C(=O)O,218.341129
CCS(=O)(=O)Cl,228.5161875
Fc1c(F)c(F)c(c(F)c1F)S(=O)(=O)Cl,177.8071852
C=CCC#N,229.3451269
OC(=O)c1ccnc(Cl)c1,176.5678549
C[Si](C)(C)OC1=CCCCC1,199.1318235
C=CCN=C=O,227.5222132
O=c1cc(oc2c1ccc1ccccc21)c1ccccc1,146.906132
N#Cc1ccc(Oc2ccccc2)cc1,176.9299276
CCOC(=O)C#C,218.3405015
Brc1ccc[nH]c1=O,158.0375141
Cc1ccc(cc1)C(=O)/C=C/c1ccc(F)cc1,146.1230008
OC(=O)c1ccc2ncccc2c1,157.3108587
O(P(Oc1ccccc1)Oc1ccccc1)c1ccccc1,180.723847
CC(C)OC(=O)Cl,258.8066744
Nc1ccccc1F,179.2096678
CCC#C[C@@H](O)CC(C)C,228.4973622
CCC(=O)c1cccc(C)c1,176.5596973
Cc1ccc(cc1)C(=O)C(F)(F)F,169.5874448
Nc1cc(Cl)ccc1O,174.2805846
Oc1cccc(O)c1N(=O)=O,137.5261275
CC/C=C(\C)/C=O,192.4155947
OC(=O)C(=O)c1ccccc1,161.830806
Brc1cnc2ccccc2c1,157.9069923
Cc1cccc(c1)C(F)(F)F,194.6840397
CCOC(=O)OCC,273.9421915
O=C1Nc2ccccc2C1=O,143.0450691
CCOC(OCC)OCC,256.1761567
C[Si](C)(C)C#C,237.8152433
C[C@@H](N)C1CCCCC1,226.6248754
Cc1ccc(Cl)c(Cl)c1,184.9394525
CCCCCCN,230.8812689
CSc1ccc(cc1)C(=O)C,153.6386761
OCCCCc1ccccc1,197.6854153
OC(=O)c1nccc2ccccc12,150.6900113
Cc1[nH]ncc1Br,208.6354473
Br[C@H]1CCCCCCCCCCC1=O,195.3793197
SCCS,206.521997
CC(C)(C)c1cc(C=O)cc(c1)C(C)(C)C,171.831417
BrCC(=O)c1ccccc1,174.6577175
C1CCSC1,207.6766136
CCCc1ccccn1,194.9770864
OCCNc1ccccc1,176.0940856
Clc1cc(Br)ccn1,190.8468222
s1cccc1,193.7396387
O=N(=O)c1ccc(cc1)C(=O)Cl,168.1617443
COC(=O)c1cccc(c1)c1ccc(O)cc1,155.1999184
O=C1CCCCC1,209.3552002
OC(=O)C(F)(F)F,250.9490067
Clc1ccc(cc1)C#C,170.5105105
COc1cccc2ccccc12,155.6862379
Clc1cccnc1Cl,184.5560445
Cc1ccc(Cl)cc1Cl,186.2421612
Oc1ccccc1Cl,183.8827273
CS(=O)(=O)OS(=O)(=O)C,276.8237128
O=C(Oc1ccccc1)c1ccccc1,171.9776266
CC1(CC1)C(=O)O,248.6730316
N[C@@H](CO)Cc1ccccc1,199.7982381
O=C(/C=C/C=C/c1ccc2OCOc2c1)N1CCCCC1,133.6267865
FC1CCCCC1,263.2218277
CC(C)CCC[C@@H](C)[C@H]1CC[C@@H]2[C@H]3CC=C4C[C@@H](O)CC[C@]4(C)[C@H]3CC[C@]12C,211.2640825
NC1=CC(=O)CCC1,180.3918948
CC(=O)NCCC(=O)O,226.2810004
Clc1ccccc1,194.5127298
COc1cscc1,178.2056534
Cc1ccccn1,195.539962
CNCCO,228.1723125
Cc1ccc(O)c(C=O)c1,162.0253338
OS(=O)(=O)c1ccc(Cl)cc1,184.9306674
CC(=C)C(=O)O,207.6464932
CC(=O)c1c(C)cc(C)cc1C,175.5048547
NC(=O)c1cccnc1,192.7732748
OC(=O)Cc1cccc2ccccc12,156.6124412
OC(=O)[C@H]1CCCN1,219.5666541
FC(F)(F)c1ccc(Cl)nc1,191.9782209
CCOP(=O)(OCC)OCC,264.6287029
NC[C@@H](O)CO,237.9495303
CN(C)c1ccc(N)cc1,154.8842814
Br[C@H]1CCOC1=O,221.965621
OC(=O)c1coc(=O)cc1,167.5982413
[nH]1ccc2ncccc12,171.3174871
Sc1ccccc1Cl,177.3647913
Oc1c(ccc2ccccc12)N=O,127.6416057
CC(C)(CCl)C(=O)O,243.7307707
CNc1ccccn1,170.7113134
COc1ccc(SC)cc1,180.4916687
CC(=O)Oc1ccccc1,197.1363449
COC(CBr)OC,231.5006203
CC(=O)CCCO,219.698431
Nc1n[nH]c(n1)C(=O)O,173.3273984
Clc1ccc(C=O)cc1,170.5638488
Oc1ccc(Br)cc1,177.5097459
CCCCC/C=C/C(=O)C,192.3126832
CCC(C)(C)Cl,252.9388378
C[Si](C)(C)CCOCCl,243.4766295
OC(=O)c1cccc(n1)C(=O)O,188.8714239
OC(C(F)(F)F)C(F)(F)F,283.842401
Clc1ccc2NC(=O)C(=O)c2c1,136.4719123
C[C@@]12CC[C@H]3[C@H](CCc4cc(O)ccc34)[C@@H]1CC[C@@]2(O)C#C,180.6014828
OCCCCCCCCCC#C,238.3693338
ClC(=O)[C@@](Cl)(c1ccccc1)c1ccccc1,180.5073564
CCc1ccc(Br)cc1,186.7096554
CC(C)(C)c1cc(cc(c1)C(C)(C)C)C(C)(C)C,197.1281873
Oc1ccccc1C=O,166.1832085
O[C@H]1CC[C@@H](CC1)C(=O)O,235.5737812
FC(F)(F)c1cccc(c1)C(=O)c1cccc(c1)C(F)(F)F,171.9807641
CCOC(CBr)OCC,231.7365637
CCCCCCCCCCCCCl,253.3479736
Cc1ccc(nc1)c1ccc(C)cn1,160.2996841
Cc1cccc(N)c1C,178.4064563
Oc1ccc(cc1)C#N,179.7455605
CCN(CC)c1ccc2c(cc(=O)oc2c1)C,141.3062417
COC(=O)CS(=O)(=O)c1ccc(C)cc1,189.086032
C[C@@H](O)CNC[C@@H](C)O,224.0269881
Oc1c(Br)cc(Br)cc1C=O,153.9656082
COC(=O)c1occc1,182.2160634
OCCCCO,234.6588731
C[S@@]([O])c1ccccc1,182.0830315
OC(=O)c1ccc(CBr)cc1,177.2675274
Nc1c(F)cccc1N(=O)=O,144.6000364
CC(C)NC(C)C,215.1107127
NCCS(=O)(=O)O,233.6467011
CC(=C)C(=C)C,181.6067522
[nH]1cccc1,203.977448
CCOC(=O)C(=O)C,188.0820176
C=CCOc1ccc(C=O)cc1,167.3221373
O=Cc1ccc(OCc2ccccc2)c(OCc2ccccc2)c1,163.7647888
C1C[CH][CH]CC[CH][CH]1,180.6930991
CC#C[Si](C)(C)C,232.0559657
CCOC(=O)c1cocn1,199.7279571
CCCCCCCCCC,259.4197507
Fc1nc(F)c(F)c(F)c1F,195.2726432
Cc1cccnn1,176.6412735
ClN1C(=O)c2ccccc2C1=O,167.5587082
BrB(Br)Br,188.8350284
O=c1c2ccccc2oc2ccccc12,152.5122974
Clc1ccc(cc1)C(=O)/C=C/c1ccccc1,145.1673046
COc1ccc(I)cc1,174.4901726
CCO[Si](CCCN)(OCC)OCC,227.2492468
C1c2ccccc2c2ccccc12,162.2619047
O=c1c2ccccc2[nH]c2ccccc12,141.0408054
CC(=O)c1ccccc1O,170.2877448
Clc1c2ccccc2c(C=O)c2ccccc12,116.0923025
ClC(Cl)(Cl)Cl,230.8216555
Nc1ccccc1N,175.9246582
O=c1c2ccccc2sc2ccccc12,140.8149021
COc1ccc2NC(=O)C(=O)c2c1,130.1315614
COC(=O)CCBr,235.521698
FC(F)(F)C(=O)OCC=C,225.4664937
Cc1ccc(cc1)C(=O)Cl,174.2868597
COC(=O)c1ccccc1,187.2235852
OC(=O)[C@H]1CCCCN1,206.8922273
CC(C)(C)OC(=O)N1CCC(CC1)C(=O)O,207.3973721
BrCc1ccc(CBr)cc1,175.1628623
Cc1ccc(N)nc1,171.1279794
Nc1ccc(Cl)cc1,170.1001196
O[C@H]1CCOC1,235.1006394
Cc1sc(N)nn1,189.9356791
Nc1cccc2CCCCc12,178.8237498
CS(=O)(=O)c1ccc(cc1)C(=O)O,184.7204518
Brc1cocc1,201.1310672
Nc1ccc(Cl)cc1Br,166.7372989
CNC(=S)NC,188.0908027
BrCCCC=C,221.2979514
ClC(=O)C=C,202.723685
CC1(C)[C@H]2CC=C(C=O)[C@@H]1C2,181.0859197
CCCCCCCC/C=C/CCCCCCCC(=O)O,214.1066983
COc1cccc(OC)c1,185.950997
OC(=O)Cc1ccc(F)cc1,194.0013099
OC(=O)c1ccc2cc(ccc2c1)C(=O)O,147.0102985
Fc1ccc(cc1)C(=O)Cc1ccccc1,168.2916387
CC(=O)c1ccc(cc1)C1CCCCC1,174.9325665
Clc1nc(nc(n1)c1ccccc1)c1ccccc1,160.5488052
Nc1cccc(Cl)c1,176.2145673
C[C@@H](Br)[C@@H](C)Br,213.8036115
O=C(Cc1ccccc1)Cc1ccccc1,180.5688523
CC(=CCC/C(=C/C=O)/C)C,175.9315608
CCOC(=O)[C@@H](C#N)c1ccccc1,197.1752505
c1ccc(cc1)/C=N/c1ccccc1,150.3586865
Cc1ccc(cc1)N(=O)=O,173.8789788
CC/C=C/C,221.0419278
Fc1ccc(cc1)C(=O)/C=C/c1ccccc1,146.6865038
Clc1c(Cl)c(Cl)c2C(=O)OC(=O)c2c1Cl,155.6561175
CN(C1CCCCC1)C1CCCCC1,198.4578789
OC(=O)c1ccc(I)cc1,167.8881504
OC(=O)CC(=C)C(=O)O,202.5975557
OC(=O)c1cc(ccc1O)c1ccc(F)cc1F,162.9540472
Cl[C@]12C[C@H]3C[C@H](C[C@H](C3)C1)C2,236.9486534
CC(=C)c1ccccc1,172.7569928
CC1=CC(=O)CC(C)(C)C1,188.5181363
O=N(=O)c1ccsc1Cl,163.8783679
CN(C)C(=N)N(C)C,211.6889061
OC(=O)c1ccc(C=C)cc1,161.9795257
FC(F)(F)c1cccc(c1)C#N,188.0951952
CC(C)C(=O)c1ccccc1,180.92967
CCOC(=O)c1ccccc1N,154.8572985
C[C@H](O)C(=O)O,234.7555095
CCOP(=O)(CC#N)OCC,263.5042068
COC(=O)C(Cl)C(=O)OC,230.7557671
Oc1ccc(CC#N)cc1,183.8450768
COc1cc(Br)ccc1O,177.7287466
Oc1ccc2c(Oc3cc(O)ccc3[C@@]32OC(=O)c2ccccc32)c1,160.2632886
CCOC(=O)Cc1ccccn1,199.3483141
Cc1ccc(Cl)nn1,178.2903671
CC#CCBr,208.643605
Cc1ccc(I)cc1,180.7043942
CCC[C@@H](O)C#C,239.4499043
CO[Si](C)(C)c1ccccc1,196.9468372
S(Sc1ccccn1)c1ccccn1,168.1153087
C1CCC=CC1,218.6592761
Cc1ccc(N)c(C)c1,174.025816
CC(C)c1cnccn1,184.1236908
CCC(=O)OC(=O)CC,232.1287568
Cc1ccc(I)c(C)c1,181.0018335
Fc1ccccc1,197.9477141
o1cccn1,220.49976
Clc1cncc(Cl)c1,184.6702511
COc1nccnc1CC(C)C,177.9251569
NCC=C,217.6031785
NC(=O)Cc1ccccc1,194.6765096
CC(C)(O)C#C,241.975628
Oc1ccccc1N(=O)=O,166.4480173
C(NCc1ccccc1)c1ccccc1,192.8397908
O=Cc1c2ccccc2cc2ccccc12,119.0070819
CC(C)(C)OC(=O)N1CCC[C@H]1CN,212.3728909
C/C(=C(\C)/N=O)/NO,151.0790668
CC(=O)CC(=O)C,201.1022018
O=C[C@@H]1CCC=CC1,199.4317728
N#Cc1ccccn1,187.6113858
ClCC(=O)Cl,217.7330728
Cn1cncn1,229.5697751
CC(C)(C)C(=O)Cl,228.3561727
[NH][C](c1ccccc1)c1ccccc1,172.0190422
CCOC(=O)CC(=O)c1ccccc1,177.0654695
o1cccc1,207.5586419
CC(C)(C)OC(=O)NN,243.4860422
Cl[C@@H](c1ccccc1)C(=O)c1ccccc1,168.0362425
CC(C)(C)SSC(C)(C)C,187.1432641
CN(C)C(=O)CC(=O)C,199.6677162
CCC(=O)c1ccccc1,181.660718
CCCCOC=O,256.5852926
ClCc1ccc(Cl)nc1,185.7018759
CCCc1ccc(Br)cc1,186.4950473
CCOC(=O)C(=O)OCC,207.3019907
O=C1c2ccccc2Cc2ccccc12,164.5140345
Clc1ccccc1Br,187.8441916
CC(C)(O)C=C,227.7292912
Cc1ccc(cc1)C(=O)c1ccc(C)cc1,168.3123465
CCOC(=O)Cc1ccccc1,198.5043145
Clc1sccn1,186.4636718
C=CS(=O)(=O)C=C,204.1958212
c1cc2cccc3C=Cc(c1)c23,139.6696982
O=S1(=O)CCCCO1,266.0211454
BrCCCCC=C,221.997624
BrCC#C,214.3489168
ClC(=O)OCC=C,228.1440746
Nc1cccc(F)c1,180.3780896
O=C(Cc1ccccc1)SSC(=O)Cc1ccccc1,172.0341024
C[C@H]1CCCC1=O,207.1451135
O=C1N=NC(=O)[C@H]2C=CC=C[C@@H]12,132.5982993
CCOC(=O)CCl,253.3780941
N[C@@H](CO)C(=O)O,233.9447678
C1CC[C@@H]2O[C@H]2C1,235.3924311
[nH]1ccc2cccnc12,169.5284589
C[C@H](CCC(=O)O)[C@H]1CC[C@@H]2[C@@H]3[C@H](CC(=O)[C@@]12C)[C@@]1(C)CCC(=O)C[C@H]1CC3=O,202.4005179
Clc1ccc(SSc2ccc(Cl)cc2)cc1,145.9416507
Fc1ccc(cc1)C#N,186.3915083
CC(C)(C)[Si](C)(C)Cl,233.4245629
CCCC(CCC)C(=O)Cl,224.6331618
o1c2ccccc2nc1c1ccccc1,153.3807699
FC(F)(F)C(=O)c1ccccc1,173.9141194
ClC(Cl)(Cl)C(=O)C(Cl)(Cl)Cl,193.1799007
COC(=O)CO,251.8852501
Nc1ccccc1c1ccccc1,160.0543281
Cc1ccc(C)c(C=O)c1,168.0400076
BrC/C=C/c1ccccc1,161.549682
Fc1ccc(cc1)C(=O)CCl,174.3477281
NCCNCCN,216.7930643
COCCO,259.2352631
COC(=O)c1ccc2[nH]ccc2c1,165.3724668
CCCCCC=O,219.8816636
CCOCCl,262.2378936
Cl[Si@@](c1ccccc1)(c1ccccc1)c1ccccc1,188.4095773
CCOC(=O)c1cccc(C)c1,180.5506545
CC(=O)c1ccc(cc1)C(=O)O,173.8137179
CC(=O)C(C)(C)O,208.1014372
C[C@@H](Br)CCBr,225.3761324
COC(=O)Cl,260.379212
Pc1ccccc1,188.2225796
CC(=O)c1cccc2ccccc12,149.5272371
CC(C)C[C@@H](N)C(=O)O,224.4800496
O=N(=O)c1cc(cc(c1Cl)N(=O)=O)C(F)(F)F,174.3232552
N[C@@H](CS)C(=O)O,218.1522488
C[C@@H](Br)C(=O)C,206.5056818
C[Si](C)(C)CCl,234.9418796
O=C(c1ccccc1)c1cccnc1,170.7069209
Cc1cccc(C=O)c1,173.6555856
ONC(=O)c1ccccc1,181.3256281
Oc1c(Br)c(Br)c(Br)c(Br)c1Br,165.1773115
Nc1ncccc1O,179.4933019
CCCCCCCCC#C,239.2942821
CC1=C(/C=C/C(=C/C=C/C(=C/C(=O)O)/C)/C)C(C)(C)CCC1,122.047363
OC(=O)c1ccccc1Nc1cccc(c1)C(F)(F)F,145.9109027
FC(F)(F)c1[nH]c2ccccc2n1,178.2012608
CC(=O)Nc1ccc(cc1)C(=O)O,170.1114148
Clc1cccc(n1)C#N,177.4633103
C1CCOCC1,244.1549668
BrCc1ccccc1CBr,178.4008087
COC(=O)Cc1ccccc1,199.6532835
BrC1=Cc2ccccc2C1,164.2009075
IC(I)I,148.7303007
NCc1cccc(c1)C(F)(F)F,192.5241538
COc1cccc(S)c1,174.5071154
CC(CO)(CO)CO,245.6289854
CCOC(=O)[C@@H](C)Br,212.6671927
CC(C)(C)c1ccc(cc1)c1ccc(cc1)C(C)(C)C,165.7452072
CN1CCC[C@H]1c1cccnc1,174.6815629
CC(=C)OC(=O)C,218.6693162
COS(=O)(=O)OC,287.1393333
CCN(CC)C(=O)Cl,235.1131896
CCOC(=O)c1ccccc1,187.1137712
CC(=O)c1ccc2ccccc2c1,150.983058
COC(=O)c1ccccc1I,169.3772293
Nc1ccccc1,177.5888121
CCOC(=O)[C@@H](Cl)C(=O)C,201.9223561
OC(=O)C#CC(=O)O,213.6078287
COc1cc2CCC(=O)c2cc1OC,160.7420779
CC(C)(C)[C@H]1CC[C@@H](CC1)C(=O)O,234.5283512
CCc1ccc(cc1)C(=O)C,176.6676288
CCC[C@@H](C)C(=O)O,241.5395093
OC(=O)c1cc(O)c(O)c(O)c1,171.7134453
Fc1cc(C=O)cc(F)c1F,176.2220975
COC(=O)Cc1ccc(F)cc1,193.6354722
BrCc1ccccn1,190.1477772
Cc1ccccc1O,187.9307879
Brc1cccc(Br)c1,186.611764
COc1cc(C=O)cc(OC)c1OC,162.3215181
O=CCCc1ccccc1,193.0569089
Cc1ccc(cc1)S(=O)(=O)OS(=O)(=O)c1ccc(C)cc1,183.4114681
C=CN1CCCC1=O,190.835527
CC(=CCCl)C,201.3394002
S=c1[nH]cccc1,138.7190221
CC(C)/C=C/C(=O)C,192.4915233
CC(C)(C)OC(=O)OC(=O)OC(C)(C)C,259.36704
C1O[C@@H]1COc1ccccc1,187.5825204
Brc1c(Br)c(Br)c(Oc2c(Br)c(Br)c(Br)c(Br)c2Br)c(Br)c1Br,160.919663
CCCCCC[Si](Cl)(CCCCCC)CCCCCC,239.5848187
O=C(OC(=O)c1ccccc1)c1ccccc1,178.3650407
C/C=C/C=C/C=O,161.7837429
OC(=O)c1cc(cc(c1)C(=O)O)C(=O)O,184.1638514
CCOCCO,255.5072321
c1ccc(cc1)[C@@H](c1ccccc1)c1ccccc1,181.1769085
O=C1CCCCCO1,243.0273331
COc1ccc2[nH]cc(CCNC(=O)C)c2c1,164.4606963
C/C=C/C(=O)O,207.1043254
COC(=O)c1cccn1C,179.7166951
Cc1cc(Cc2cc(C)c(N)c(C)c2)cc(C)c1N,166.3651861
Nc1ccc(Cl)cc1C(=O)O,168.0638529
CC(C)c1cccc(C(C)C)c1N,177.5084909
CCO[Si](C)(OCC)c1ccccc1,197.8297424
OC(=O)c1cn(C2CC2)c2cc(N3CCNCC3)c(F)cc2c1=O,150.1961617
COc1ccccc1OC,186.9575214
CCOCC=C,226.1027879
CC(=CC=C(C)C)C,170.30155
OCCCCCC[C@@H](O)[C@@H](O)CCCCCCCC(=O)O,231.7466038
CC(C)(C)C(=O)c1ccccc1,180.339184
O=C(OOC(=O)c1ccccc1)c1ccccc1,183.3192242
CCOC(=O)C1=C(C)NC(=C(C1)C(=O)OCC)C,147.3152679
OC(=O)c1cscc1Br,172.3993126
O=C1OC(=O)c2ccc3c4ccc5C(=O)OC(=O)c6ccc(c7ccc1c2c37)c4c56,99.47272668
NC1(CCCCC1)C(=O)O,223.2463669
COCCl,253.3573863
CC(C)[C@@H]1CC[C@@H](C)C[C@H]1O,239.0175506
CCOC=C,224.6080614
Fc1ccc(F)cc1,189.4355545
OC(=O)c1ccc(Cl)cc1I,164.2460882
CC(C)(C)c1ccc(Br)cc1,186.4109611
CN(C)C,214.6331784
C=CC(=O)OCc1ccccc1,182.6810476
CN(=O)=O,231.7359362
Cc1cccnc1N,176.9211425
Cc1nccc2ccccc12,157.9923335
OC(=O)C#Cc1ccccc1,166.2026612
BrCC=C,209.3941057
CC[C@H](C)SS[C@H](C)CC,183.6166635
O=C1NCCN1,233.5569673
Cc1ccc(C)c(Br)c1,187.6088758
CC(C)[C@@H](N)CO,233.361812
Nc1ccccc1C=O,152.1608924
CC1(C)CCCC(C)(C)N1,208.3850712
Nc1cc(ccc1Cl)N(=O)=O,145.5613802
OC(=O)C1CC1,249.5822921
C[C@H]1CC[C@H](O)CC1,239.8684528
C[C@H]1CO1,270.2329858
CCOC(OCC)C=C,228.7665636
NC1CCCCC1,223.8255577
CC(=O)c1occc1,175.8901452
BrCC(=O)c1ccc(cc1)C#N,166.1386553
CN1CCCC[C@@H]1CO,200.3968817
CC(C)CI,193.9686795
o1cnc2ccccc12,183.1485418
FC(F)(F)C(OC(=O)C=C)C(F)(F)F,206.9518407
ClC(=O)OCc1ccccc1,199.75996
O=c1oc(=O)c2cc3c(=O)oc(=O)c3cc12,172.8649243
O[C@@H]([C@@H](O)C(=O)O)C(=O)O,231.0532064
COC(=O)C(F)(F)S(=O)(=O)F,238.0844447
Cc1ccc(N)c(N)c1,172.7814656
CC(C)Cc1ccc(cc1)[C@@H](C)C(=O)O,186.3005195
Clc1ccc(Cl)nc1,181.7046436
Brc1ccccc1Br,186.6412569
B1Oc2ccccc2O1,189.2460467
Nc1ccc2OCCOc2c1,168.4817739
CC1(C)[C@H]2CC=C(CO)[C@@H]1C2,204.9569896
NC(=O)c1ccc(N)cc1,170.093217
NCCCC(=O)O,223.535021
CC(=O)c1cccc(I)c1,163.9542965
CCCCOC(=O)C=C,209.0301505
CC(=O)[C@@H](c1ccccc1)c1ccccc1,186.7711513
CC1=NC(C)(C)CO1,233.6617613
Nc1cccc(O)c1,179.1111489
Nc1cccc(OC(F)(F)F)c1,178.3462154
OCCCCCCCCCCCCO,246.5865641
COc1ccccc1I,178.3562556
CCCCC/C=C\C/C=C\CCCCCCCC(=O)O,207.5165988
OC(=O)c1ccc(C(=O)O)c(c1)N(=O)=O,167.8172419
Cc1ccc(S)c(C)c1,175.9779965
COc1ccc(CC(=O)O)cc1,178.9291713
Fc1ccc(cc1)P(c1ccc(F)cc1)c1ccc(F)cc1,164.0998786
CC(C)CC[C@@H](C)O,249.4141197
CCOC(=O)c1cccc(I)c1,168.0989934
CC(C)NC(=S)NC(C)C,180.3040435
O[C@H](c1ccccc1)c1ccccc1,189.9770947
C1CC[C@@H]2CCCC[C@H]2C1,251.1447895
CCN(CC)C(=S)SSC(=S)N(CC)CC,149.5805753
Nc1cccc(N)c1,175.7884887
Cc1cccc(c1)C#N,184.5378467
O=N(=O)c1ccc(CBr)cc1,169.3828769
BrC/C=C/CBr,195.22558
O=CCc1ccccc1,191.3256116
OC(=O)c1ccccc1Br,181.6186749
CCCCCCCCCCCC(=O)Cl,224.4235738
CCOC(=O)C(=O)c1ccc(OC)cc1,153.5677675
Cc1cc(nc(c1)C(C)(C)C)C(C)(C)C,193.275282
N1c2ccccc2Sc2ccccc12,156.5823208
Brc1ccc(I)cn1,174.5209206
Cc1cc(O)cc(C)c1N,167.8636776
COC(=O)/C=C/C,203.3386439
C(Oc1ccc2[nH]ccc2c1)c1ccccc1,167.6666397
CC(=O)C=O,172.3026762
CSCC[C@@H](N)C(=O)O,194.0006824
CC(C)SSC(C)C,184.7041366
Clc1ccc2ncccc2c1,158.9976029
CCCN,231.4341043
CC(=O)c1ccccc1F,179.0622032
CC(C)(C)c1ccccc1O,187.6716267
Fc1ccc(cc1)c1ccc(C=O)cc1,153.9034848
Oc1[nH]c2ccccc2c1,170.5845566
CCCCCCC=C,226.2979432
O=C(C#N)c1ccccc1,166.3306731
OC(=O)c1ccc2n[nH]nc2c1,159.9338463
Cc1ccc(Br)cc1,185.7150536
CC(=O)CC(C)(C)O,214.1361912
CCOC(=O)C(=O)CBr,184.556672
Brc1cc2OCOc2cc1Br,170.824265
COc1ccc(C=C)cc1,161.0890904
CC(=O)C1=CCCCC1,189.7210711
OC(=O)c1c[nH]c(=O)cc1,165.9008294
CC1(C)CC(=O)OC1=O,233.1955221
CCC(CC)C(=O)O,240.8015587
CC(=O)NCCN,218.3260688
Ic1cn(cn1)[C@@](c1ccccc1)(c1ccccc1)c1ccccc1,160.0662507
CC(=O)CC(=O)OCc1ccccc1,199.6827764
OC(=O)Cc1ccccc1N(=O)=O,175.9736039
COc1ccc(cc1)[P@@]1([S])S[P@@]([S])(S1)c1ccc(OC)cc1,146.3827895
Brc1csc2ccccc12,163.0136605
CO[C@H]1O[C@H](CO)[C@H](O)[C@H](O)[C@@H]1O,245.2229871
Cc1cc(C)cc(N)c1,175.0179077
CCCCCCC(=O)CC,219.3771464
COCc1ccccc1,199.5710798
COc1ccc(/C=C/C(=O)O)cc1OC,146.6450882
Cc1ccccc1Br,190.4383138
Clc1ccccc1I,181.0463866
CCNCC,221.2389656
Fc1cccc(Cl)c1,192.2712676
O=c1[nH]c(=O)c2ccc3c4ccc5c(=O)[nH]c(=O)c6ccc(c7ccc1c2c37)c4c56,98.99393731
[nH]1nc2ccccc2n1,166.1424204
NNc1ccc(cc1N(=O)=O)N(=O)=O,147.5166982
CC(C)C1=CC2=CC[C@H]3[C@](C)(CCC[C@@]3(C)C(=O)O)[C@H]2CC1,176.75046
C[Si](C)(C)C#Cc1ccccc1,170.6655053
O=C1NC(=O)[C@](N1)(c1ccccc1)c1ccccc1,191.1511641
O=Cc1ccc(cc1)c1ccccc1,155.2407065
OC(=O)CNC(=O)OC[C@@H]1c2ccccc2c2ccccc12,161.8897919
O[C@H]1[C@@H](Br)Cc2ccccc12,194.0973188
CCC#N,274.779916
Cc1ccc(O)cc1,181.6381276
C#CCOCC#C,230.3008231
OCCCCCBr,232.6439417
OC(=O)c1c(F)c(F)c(F)c(F)c1F,183.2031351
C[Si](C)(Cl)c1c(F)c(F)c(F)c(F)c1F,188.42401
O=C1COc2ccccc12,162.3365783
Fc1cccc(F)c1,198.3844603
O=N(=O)c1ccccc1/C=C/C=O,157.2776007
Cl[S](Cl)[O],193.5218931
[O][S]1CCCC1,211.1963116
NCCC(=O)O,228.6724372
OCC(F)(F)F,268.3385361
OC(=O)CCn1cncn1,218.929105
CC(C)[C@H]1COC(=O)N1,239.4122538
COC(=O)c1ccc(cc1)C(=O)C,172.0560652
Cc1ccccc1F,196.8175703
Ic1sccc1,173.7264942
Cc1ccc(cc1)S(=O)(=O)C[N][C],190.2086456
C[Si](C)(C)[CH][N][N],175.3793529
Brc1cccc(Br)n1,180.5688523
COc1ccc(/C=C/C=O)cc1,146.4022423
Clc1ccccn1,191.6638389
Clc1c2ccccc2cc2ccccc12,123.4404329
[O]N1C=C[C@H]2C=CC=CC2=C1,142.686134
Oc1cccnc1,185.152178
Clc1ccc2nccnc2c1,156.8050865
COC(=O)c1ccc(Br)nc1,175.1503121
CCCCCc1sccc1,187.0234099
Clc1ncccn1,195.1245511
CC(C)(C)OC(=O)NCC(=O)NCC(=O)O,226.6888813
COc1ccc(F)cc1,179.3113243
COc1ccc(CC=C)cc1OC,183.3430696
O=Cc1ccc(C=O)cc1,166.5026106
Nc1ccc(F)cc1F,173.3468512
C1CCc2ncccc2C1,189.3357805
Clc1oc2cc(Cl)ccc2n1,172.2280027
CCCCCC(=O)Cl,232.3220296
Nc1ccc(cc1)C(F)(F)F,177.7569845
Cc1ccc(C=O)c(O)c1,167.4601893
CCCCCCCCCO,251.7170777
CC(=C)Br,210.9948812
ClC(=O)c1ccccc1Cl,174.2510917
Clc1cccc(Cl)c1Br,186.9983095
CCCCCO,252.9476229
Cc1cccc(C(=O)O)c1O,178.0418736
O=N(=O)c1cccc(Cl)c1,166.1650107
Fc1cnc(C#N)c(F)c1,181.490663
Fc1c(F)c(F)c(c(F)c1F)C(=O)Cl,175.2996592
OC(=O)c1ccccc1,186.4260213
COc1ccc2n(c(C)c(CC(=O)O)c2c1)C(=O)c1ccc(Cl)cc1,139.6232625
CCc1ccccn1,195.2795458
CC(C)(C)c1ccc(C=C)cc1,166.0181736
COc1cc(CC=C)ccc1O,179.2981466
O=CN1CCCCC1,222.2850231
CC(=CC(=O)O)C,203.3386439
C(SSCc1ccccc1)c1ccccc1,178.1234497
BrCC(=O)Br,197.8981408
FC(F)(F)c1cc(cc(c1)C(F)(F)F)C#N,184.6846838
OC(=O)C=O,189.4129641
CC(C)Sc1ccccc1,176.6971218
CC(=O)/C=C/C1=C(C)CCCC1(C)C,157.6704214
O=N(=O)c1cccc2ccccc12,146.176339
N#CCc1ccccn1,196.8847138
O=N(=O)c1ccc(S)cc1,152.7526333
O=N(=O)c1c(F)c(F)c(F)c(F)c1F,174.3132151
CS(=O)(=O)c1ccccc1,195.9421953
CCC#Cc1ccccc1,173.7547321
COc1ccc(cc1)C(=O)/C=C/c1ccccc1,146.0351495
CC(C)c1cc(cc(c1)C(C)C)C(C)C,194.6846673
O=c1[nH]cccc1,164.4964643
CC(C)(C)c1ccc(I)cc1,181.0495242
Brc1ccccc1I,177.826638
C1O[C@@H]1c1ccccc1,195.57071
CCC[C@@H](C)I,191.4078153
Ic1ccccc1,183.7860909
Clc1ccc2n[nH]nc2c1,163.117827
Brc1ccccc1C#N,175.3862555
Nc1cc(Br)ccc1C(=O)O,172.1156786
Clc1cc(Cl)nc(Cl)c1,185.5820217
Sc1ccccc1Br,176.8721968
Cc1ccccc1CO,194.1745024
O=S1(=O)CC=CC1,222.8441336
C(CCP(c1ccccc1)c1ccccc1)CP(c1ccccc1)c1ccccc1,165.799173
Oc1cccc2c(O)cccc12,152.8047166
O=N(=O)c1ccccc1CBr,169.8861391
Fc1ccc(Br)c(C=O)c1,160.7922787
C1COCCN1,215.5600092
ClC(=O)C(=O)Cl,184.9187447
c1ccc2cnncc2c1,166.3036902
Brc1ccc(cc1)C#N,174.1594754
BrCCC=C,215.166561
O=C(Cc1ccccc1)c1ccccc1,167.9866693
CCCCSSCCCC,179.9413433
CC1(C)CCC[C@]2(C)[C@@H]1CC[C@@]1(C)OC(=O)C[C@@H]21,235.4708697
O=C1CCCC(=O)C1,202.3898503
COC(=O)C#C,218.9523228
ClP(=O)(Cl)Cl,227.8717357
CC(=O)c1ccccc1N(=O)=O,170.3103352
CO[C@H]1O[C@H](CO)[C@H](O)[C@H](O)[C@@H]1O,245.2355373
CN1C(=O)C=CC1=O,175.7313854
NCC1(CCCCC1)CC(=O)O,220.6214967
CC(=O)Nc1ccccc1Cl,180.3881297
CN(C)C(=O)N(C)C,219.001896
Ic1ccc2NC(=O)C(=O)c2c1,133.3055019
CC(=CC(=O)C)C,191.6983519
NCc1ccc(Cl)cc1,188.5758671
Cc1ccc(CC(C)(C)O)cc1,191.9738284
CC(=O)Nc1cccc(C)c1,180.4057
CCC(O)(CC)CC,245.1169381
S=C1NCCN1,185.256972
OC(=O)c1cccc(C=O)c1,179.0421229
Clc1ncccc1Br,182.3917659
OC[C@@H](O)[C@@H](O)[C@H](O)C(=O)CO,214.7455025
C(c1ccccc1)c1ccccc1,189.438692
CC[C@@H](Br)C(=O)OC,211.8903365
COC(=O)c1cc(O)cc(O)c1,165.2501026
CN(C)c1ccc(/C=C/C=O)cc1,134.325204
BrC(=C)c1ccccc1,171.6161814
OC(=O)c1cc(ccc1Br)N(=O)=O,170.1478103
CN(C)c1cccc2cccc(N(C)C)c12,141.9714012
Clc1ccc(cc1)/C=C/C(=O)c1ccccc1,142.7727302
c1ccc2nc3ccccc3nc2c1,131.6601733
O=N(=O)c1ccc(Cl)c2nonc12,143.005536
CCc1cc(CC)cc(CC)c1,190.835527
NCCc1ccccc1,199.232225
C[C@@H](O)C(=O)C,209.2974693
Clc1ccc2C(=O)C(=O)Nc2c1,142.9421576
OCCc1ccc(F)cc1,192.0641897
C[Si](C)(C)N[Si](C)(C)C,214.6582787
O=Cc1ccc2ccccc2c1,146.2271673
CC(=O)c1ccc(O)cc1,172.2756934
COC(=O)/C=C(\C)/N,184.6696236
COC(=O)C(=O)C,188.7998878
Clc1nccc2ccccc12,157.22238
Ic1ccc(C=O)cc1,161.58294
CCCCN(CCCC)C=O,222.6590185
N#Cc1oc2ccccc2c1,162.4564325
O=Cc1ccccc1C=O,165.1208357
CC(=C)C(=O)OCC=C,200.6541604
COC(=O)[C@H]1CCCC1=O,208.1623056
Fc1cc(F)c(F)c(Br)c1F,189.7662517
ClC(=O)c1ccc(cc1)c1ccccc1,153.248993
Cc1ccc(cc1)/C=C/C(=O)O,153.5564724
CC(=O)CCC(=O)O,209.1794976
CCC(C)(C)c1ccc(O)cc1,182.0284382
C[C@H]1CCCC(=O)C1,208.9341416
COc1cc2CCCC(=O)c2cc1OC,159.0032505
Nc1ccc(O)cc1N(=O)=O,133.4284937
OC(=O)c1ccc2OCOc2c1,169.4023296
O=C1N[C@H](CO1)Cc1ccccc1,198.7170401
CSC(C)(C)C,209.4913696
C(c1ccccc1)c1ccncc1,191.0633128
FC(F)(F)S(=O)(=O)N(c1ccccc1)S(=O)(=O)C(F)(F)F,194.5227699
CC(=C)CO,223.0254837
COc1ccc(C=O)c(OC)c1OC,161.2980509
c1ccc2nccn2c1,160.2093228
C1CNCCNC1,204.7128886
COC(=O)Cc1ccc(Cl)cc1,189.1556855
CCCCCCI,194.321967
O=Cc1ccc(cc1)c1ccccn1,152.6898824
OC(=O)c1ccccc1I,164.1971425
O=Cc1ccc(cc1)C#N,169.3791118
C1CCCC=CCC1,214.0979132
N#Cc1cnccn1,181.4837604
OCc1cccc(c1)C(F)(F)F,193.8914959
O=[P@@](c1ccccc1)(c1ccccc1)c1ccccc1,188.3769468
COCCCCl,254.4680772
C1CN(CCO1)c1ccccc1,167.5241952
CC(=O)c1ccc(C)c(C)c1,173.2188394
Clc1cc(Cl)cc(I)c1,181.1116476
NC(=O)C=C,208.7057283
COC(OC)C=O,205.6183841
ClC(=O)c1ccc2ccccc2c1,147.426337
NCP(=O)(O)O,229.8854121
ClSSCl,171.5088774
C1CCc2c(C1)[nH]c1ccccc21,165.630373
OC(=O)c1ccc(C(=O)O)c2ccccc12,147.6108246
CSSC,187.5047093
Fc1c(F)c(F)c(F)c(F)c1F,206.2960938
CCBr,233.5387695
COc1ccc(CCl)cc1,183.0795158
O=Cc1cccc2cc[nH]c12,147.7156186
CC(=O)[C@]12C[C@H]3C[C@H](C[C@H](C3)C1)C2,211.6374504
Brc1cnc2ccccn12,156.2359358
c1ccc2c(c1)ccc1cccnc21,153.4780337
CC(=O)CO,210.110721
C=CCn1ccnc1,188.1435134
FC(F)(F)C(=O)c1sccc1,164.546665
O=c1cc(oc2ccccc12)c1ccccc1,155.4898276
Fc1c(F)c(C#N)c(F)c(F)c1C#N,164.8340641
CSc1ccccc1,181.5659641
CN(C)C(=S)N(C)C,174.7813368
OCCC(F)(F)C(F)(F)C(F)(F)C(F)(F)C(F)(F)C(F)(F)C(F)(F)C(F)(F)F,257.1230678
Oc1ccc(S)cc1,185.5086031
COc1ccc(S)cc1,177.3591438
ClC(=O)CC(=O)Cl,224.2541463
ClS(=O)(=O)N=C=O,220.9314862
CN(C)CCOC(=O)C(=C)C,168.7810957
Nc1ccccc1C#N,161.4141401
FC(F)(F)c1ccc(Br)nc1,187.0773756
Cc1ccccc1Cl,193.1548003
Nc1[nH]c2ccccc2n1,175.6579669
COC(=O)c1cccc(n1)C(=O)OC,186.7127929
ClS(=O)(=O)c1ccc(cc1)c1ccc(cc1)S(=O)(=O)Cl,158.4805355
CCC#CC(=O)O,215.9992655
C=CCCCCCCCCC=O,207.4331401
OC(=O)c1c[nH]c2ccccc12,167.2876243
O=N(=O)c1ccc(C=O)cc1,169.0214317
OC(=O)/C=C/c1occc1,150.1133305
O=C1NCCCN1,226.9191771
CC(=O)c1ccc(I)cc1,164.1701596
FC(F)(F)Oc1ccc(Br)cc1,183.4942993
CC(C)CN,230.0065214
CC(=O)Br,219.80197
S=C=Nc1ccccc1,161.8527689
Fc1ccccn1,196.1480182
CCOP(OCC)OCC,224.3620779
[nH]1cncn1,235.0667539
CCCCC/C=C/C=O,195.4991739
COC(=O)c1cccnc1,188.0895477
ClCCCCC#C,245.8322983
CCC1=NCCO1,228.4226886
OC(=O)C(=O)O,208.0826119
CC1(C)[C@H]2CC[C@]1(C)C(=O)[C@H]2Br,192.3277434
NCc1ccccn1,186.022533
Nc1ccccc1C(=O)O,176.1511889
Oc1cc(O)cc(O)c1,197.7550688
Ic1cccc2ccccc12,152.7833813
OC(=O)C1(CC1)c1ccccc1,198.5400825
OCCCC=C,224.5823336
CC(C)(C)C(=O)N,231.8200224
N[C@H]1CCCC[C@@H]1N,218.1949194
O=C1NS(=O)(=O)c2ccccc12,187.5649501
C[C@@H](Oc1ccccc1)C(=O)O,187.3616372
Cc1ccc2nc(C)ccc2c1,161.6626336
OC(=O)CCC1CCCCC1,245.422535
CCOC(=O)[C@@H](C)C(=O)C,220.5625109
C1CCNCC1,214.7160095
FC(F)(F)C(F)(F)C(F)(F)C(F)(F)C(F)(F)C(F)(F)C(F)(F)C(F)(F)Br,238.9215417
CC(=CCBr)C,192.468933
C=Cc1ccccc1,168.4679687
c1ccc2c(c1)cnc1ccccc21,158.2916553
OCCC=C,224.126762
Cc1cc(C)cc(O)c1,188.7848276
OCC=C,223.0731744
CCCC(=O)CCC,213.4440488
Cc1ccc(O)c(O)c1,178.6951104
COC(=O)c1ccccc1N,154.997233
OC1CCCCC1,243.3078296
CC(=O)[C@H]1CCOC1=O,218.1428362
OC(=O)CCCc1ccccc1,199.201477
Clc1ccc(cc1)S(=O)(=O)Cl,175.5776457
OC(=O)CCCCBr,232.1595047
CC(=O)O[C@H]1CC[C@@]2(C)[C@@H]3C[C@H]4[C@@](C)([C@@H](CC)[C@H]3CC=C2C1)[C@H]4C(=O)C,190.032943
C=CCc1ccccc1,196.8495733
Ic1ccncc1,188.3838494
FC(F)(F)C(=O)c1ccc(Cl)cc1,165.175429
C[Si]1(C)c2ccccc2c2ccccc12,159.0986319
Cc1ncccn1,193.2464166
CC(C)c1ccc2c(CC[C@@H]3[C@@](C)(CCC[C@]23C)C(=O)O)c1,190.0938114
C[C@@H]1CCC(=C(C)C)C(=O)C1,180.4973163
CCCCCCCCCCCC=O,218.6034278
O=Cc1ccncc1,176.8094459
C#CCCCc1ccccc1,198.5187472
CN(C)CCCO,220.0015179
CCOC(=O)CCCl,248.494819
Nc1ccc2cn[nH]c2c1,163.5834387
Nc1cccc(N)n1,172.110031
O=C1CCCC=C1,188.2985082
Clc1ccccc1C#N,178.6944829
NCCP(=O)(O)O,227.2134788
CC(C)(CO)C(=O)O,231.4824225
CCOC(=O)C(C)(C)Br,211.7441269
C[C@@H](Br)C(=O)Br,198.5796156
ClSC(Cl)(Cl)Cl,173.648683
BrCCC1OCCO1,232.1902527
COc1ccc(O)c(C=O)c1,142.6691912
Oc1ccc(Br)cc1C=O,155.8908059
CCCCNCCCC,212.6991956
OC[C@@H](O)[C@H]1OC(=C(O)C1=O)O,174.4330693
Fc1ccc(Br)c(F)c1,185.6479101
Nc1ccc2cc3ccccc3cc2c1,122.8079039
Cc1ccc(cc1)C#C,173.9147469
NCCCCCCO,229.490709
C(P(c1ccccc1)c1ccccc1)P(c1ccccc1)c1ccccc1,165.7295195
[O][N]c1ccccc1,150.1798464
CCCC[C@@H](CC)CO,251.664367
O=C[CH][P@@](c1ccccc1)(c1ccccc1)c1ccccc1,145.1014161
CCN(C(C)C)C(C)C,199.5127215
Nc1cc(ccc1F)N(=O)=O,149.2429755
CC/C=C/CC(=O)O,209.7354706
ClCC(=O)c1ccccc1,176.2528454
Cl[Si](Cl)(Cl)Cl,258.1415149
CN(C)c1cccc(C)c1,170.3630459
Fc1cc(F)ncn1,212.4858426
CC(C)(C)OC(=O)Nc1ccccc1,185.184181
CCC(=O)C=C,191.009347
Nc1ccc(cc1)S(=O)(=O)O,174.8007896
OCC=C=C,221.9700136
CC(=S)N,168.2201027
CN(C)C(=O)c1ccccc1,187.4676862
Clc1ccccc1Cl,189.8610056
C[C@H]1O[C@H](C)O[C@H](C)O1,252.1626091
BrCc1ccccc1C#N,178.6028666
O=C(c1ccccc1)c1ccccc1,172.0686154
CC(C)(C)CBr,231.7660566
Cc1cscn1,190.2306084
NCCCN,226.5119237
BrCCCCCCCCCCBr,232.593741
COc1cc(cc(OC)c1OC)C(=O)O,170.0317212
OC(=O)CCCC(=O)O,220.777119
CCCC#CCCC,231.2791096
CC(=O)/C=C/[C@H]1C(=CCCC1(C)C)C,173.9693401
OC/C=C\CO,211.5822296
OC(=O)c1ccccc1F,186.1405047
COC(=O)c1cc(N)cc(c1)C(=O)OC,153.4272055
COc1ccc(CCCC(=O)O)cc1OC,183.2470607
OCCc1c[nH]c2ccccc12,167.1150593
CC(C)(C)C(=O)OCCl,242.9589346
FC(F)(F)C(F)(F)C(F)(F)C(F)(F)C(F)(F)C(F)(F)F,309.9819159
Clc1cccc(C=C)c1,167.0811738
c1ccc2cnccc2c1,159.982792
Clc1cc(Cl)ncn1,200.0605369
CC(=O)[C@H]1CCCCC1=O,197.8065245
COc1ccc(cc1)C(=O)N,178.9981973
CCc1ccccc1C=O,173.2408022
O=C(c1ccccc1)c1cccc2ccccc12,148.021843
Cc1ccc2ccc3ccc(C)nc3c2n1,155.7502438
CC(=O)Nc1cccc(Cl)c1,180.9152373
OC(=O)c1ccc(Cl)nc1,178.803042
Fc1ccc(C=C)cc1,168.0412626
N#Cc1cscc1,185.2663847
FC(F)(F)c1ccc(cc1)N=C=O,180.9867733
CC[C@H](C)[C@H](N)C(=O)O,226.1812265
COC(=O)C=C,209.4035184
S,234.6306352
C1Cc2ccccc2C1,192.3867293
FC(F)(F)CI,194.8371519
Fc1ccc(F)c(F)c1F,197.8680204
CCOC(=O)CC,254.7554763
CCOc1ccc(N)cc1,165.103893
Cn1cc(C)nc1Br,200.8875937
C[Si](C)(C)[SiH]([Si](C)(C)C)[Si](C)(C)C,202.1011961
CC(C)CC(=O)CC(C)C,215.5405564
CC(C)C1=C[CH][C](C)C2=CC=C(C)C2=C1,124.2699998
CC(C)(OOC(C)(C)c1ccccc1)c1ccccc1,199.3589818
CC(=O)C=C,191.6575638
CCCCCCCC/C=C/CCCCCCCC(=O)O,216.2496415
OC(=O)c1oc2ccccc2c1,160.2821138
NC(=O)CCl,246.9699721
CCCCC#CCCCC,227.8993461
Cc1ccc2NC(=O)C(=O)c2c1,138.7905581
CCOC(OCC)N(C)C,217.7079725
C[Si](C)(C)[Si](C)(C)C,209.9230958
COC(=O)c1coc(=O)cc1,166.255372
COc1cc(OC)c(c(OC)c1)N(=O)=O,169.7756975
CC(=O)c1ccc2Sc3ccccc3Nc2c1,138.1762268
Oc1ccccc1CC=C,185.1904561
OC(=O)/C=C/c1ccccc1,157.0918581
Fc1ccc(S)cc1,175.3021693
OC(=O)c1ccc(C(=O)O)c(Br)c1,168.7804682
CC(C)I,192.1501584
Nc1ccccc1Nc1ccccc1,164.0446578
CC(=C)[C@@H]1CCC(=CC1)C=O,185.0229112
COC(=O)CCSSCCC(=O)OC,175.6629869
COc1ccccc1Br,188.912212
Fc1c(F)c(F)c(C=C)c(F)c1F,169.6677659
CCOC(=O)CI,183.3436971
Cc1cc(Br)ccc1I,177.6327377
OC(=O)c1cccc(c1)C(=O)O,184.9545127
C/C=C/C(=O)Cl,197.1162646
CCC(CC)C=O,213.6875223
Brc1cncc2ccccc12,154.4625954
CC(C)(Oc1ccc(cc1)[C@H]1CC1(Cl)Cl)C(=O)O,181.7899848
FC(F)(F)Oc1ccccc1,196.6412403
COC(=O)c1ccc(C)cc1,182.399296
Fc1ccc2NC(=O)C(=O)c2c1,138.2703531
ClC(=O)/C=C/c1ccccc1,151.1129523
C=Cc1ccccc1,168.4905591
O=N(=O)c1ccccc1,177.7663971
O=C1Cc2ccccc2C1,186.1944705
CCCCCCCCCCCCBr,232.5328726
CC(C)(C)Cl,256.4353179
N#Cc1ccccc1,187.243038
CC(C)OC(=O)CC(=O)OC(C)C,248.2444429
CSc1ccc(cc1)N(=O)=O,147.0761869
C/C=C(/C)\C(=O)O,202.36977
CC(=O)Nc1ccc(S)cc1,167.0510534
Brc1ccc(cc1)C(=O)c1ccccc1,163.3355726
CCCC[C@@H](CC)C=O,213.284034
OC1(CCCCC1)C#C,229.5559699
Cc1cccc(C)n1,190.5349502
Cc1cccc(C)c1F,198.0242701
CCOC(=O)C(=C)CO,202.4952718
C1CCC(CC1)SSC1CCCCC1,174.7480788
Br/C=C/c1ccccc1,161.1888643
Nc1ncccn1,177.9295494
Brc1ccc2occc2c1,174.2159512
CC(C)N(C(C)C)C(=O)Cl,233.0198196
COc1ccc(CO)cc1,181.6450302
Nc1ccc(Cl)cc1O,180.4471155
ClCC(=C)Cl,207.7462671
O=C(c1ccccc1)C(=O)c1ccccc1,157.9095023
Clc1n[nH]c(=O)cc1,162.526086
COc1ccc2sc(C)nc2c1,164.3866502
C1CN2CCN1CC2,189.4575173
COC(=O)Cc1ccccc1Cl,193.9354215
ClC(=O)C1CC1,230.3522788
Oc1cc(O)c(C=O)c(O)c1,163.9354712
Cc1cccc(O)c1,185.7658818
C[Si](C)(N=[N+]=[N-])C,226.8915667
COc1ccc(cc1)C#N,177.377969
O=N(=O)c1ccc2[nH]ccc2c1,153.6054181
BrCBr,215.4338798
N[C@@H](C(=O)O)c1ccccc1,198.9492184
FC(F)(F)c1cccc(Cl)c1,189.3533508
COC(=O)c1ccc(C=O)cc1,170.8355602
COc1ccc2ccc(OC)cc2c1,154.3170133
OC[C@H]1O[C@H](O)[C@H](O)[C@H](O)[C@@H]1O,231.931719
C[C@@H](C(=O)O)c1cccc(c1)C(=O)c1ccccc1,166.6663904
CCOC(=O)c1cocc1,190.9660489
O=C1C(=C1c1ccccc1)c1ccccc1,147.8869286
CC(C)Nc1ccccc1,171.8151017
CCCCCc1ccc(cc1)c1ccc(cc1)C#N,156.2547611
OC(=O)c1ccccc1C(=O)O,174.3615333
C[Si](C)(C)OS(=O)(=O)C(F)(F)F,263.1709995
O=c1occo1,217.7864111
CC(C)(C)OC(=O)NCCO,231.6869905
CCc1cnccn1,184.4023048
C=CC=O,193.199981
Cc1ccccc1C(=O)c1ccccc1,167.4670919
NNc1ccccn1,171.8929129
COC(=O)CC(=O)OC,254.0852967
CCO/C(=C/C(=O)OCC)/C,187.2731585
O=CC=O,172.3277766
Cc1ccccc1C#N,182.7005004
CCCCCCCCCCC=C,226.2665677
CC(C)(C)OC(=O)N1CCC(CC1)C(=O)O,208.6800005
O=C1CCCCN1,226.4196799
CCNc1ccc(cc1)C(=O)Cl,153.4874464
Cc1ccc2C(=O)OC(=O)c2c1,173.9335721
CC(=C)c1ccc(Cl)cc1,167.3635529
Cc1ccc(N)cc1,172.6904768
[O][Se][O],174.7625115
N#C/C=C/c1ccccc1,155.6529799
CC(C)[C@@H](N)C(=O)O,225.2688284
OC(=O)C(Cl)Cl,231.3249178
COC(=O)c1[nH]ccc1,180.4960613
O=C/C=C(\c1ccccc1)/c1ccccc1,151.9920924
Brc1sccc1,180.7426723
OC(=O)C1=CCCCC1,199.9118172
C#CCCCCCC#C,238.593982
Brc1cc(Br)c(Br)cc1Br,173.9398472
NC(=O)c1ccc(O)cc1,181.1706334
CS(=O)(=O)C,258.3818508
N[C@@H](Cc1ccc(O)cc1)C(=O)O,181.3099404
CC(=O)N1CCC[C@@H]1C(=O)O,217.850417
CCO[Si](C)(C)c1ccccc1,196.9468372
Cc1cccc(C)c1Cl,192.7669997
CC(C)(C)OC(=O)n1ccc2ccccc12,169.3684442
OC(=O)C(Cl)(Cl)Cl,230.8147529
C=C[C@H]1COC(=O)O1,228.1283869
CC(=C)[C@@H]1CC=C(C)C(=O)C1,180.2645104
COc1ccc(/C=C/C(=O)c2ccccc2)cc1,138.1078283
BrC(Br)(Br)Br,181.6494228
Cc1ccc(C(=O)C)c(O)c1,170.0078758
OC(=O)c1cccc(Cl)c1,175.4678316
COC(=O)CCS,213.9021304
C=O,216.7278034
O=C1CCSc2ccccc12,152.3202796
COc1cc(C=O)ccc1O,161.3112286
O=Cc1occc1,171.4310662
CC(C)N(C(C)C)P(OCc1ccccc1)OCc1ccccc1,187.6346036
CC(C)(C)[C@@H](N)C(=O)O,223.3367282
OC(=O)c1cccnc1,187.6314661
CCC/C=C/C=O,194.2874541
Nc1c(Cl)cccc1C(=O)O,172.564975
Brc1ccc2CCCC(=O)c2c1,164.4964643
COc1cccc(I)c1,177.5756344
C=CCCc1ccccc1,198.0939236
Clc1c(Cl)c(Cl)c(Cl)c(Cl)c1Cl,177.8442082
C[C@@](O)(C#C)c1ccccc1,200.6027046
O=c1ccoc2ccccc12,168.7522303
Brc1ccnc(Br)c1,186.5672108
COc1ccc(CCO)cc1,181.0294439
CCOC(=O)c1cccc(F)c1,179.9676987
COC(=O)[CH][P@@](c1ccccc1)(c1ccccc1)c1ccccc1,141.3087517
S=c1[nH]ncs1,159.5454183
CC(C)(C)[SiH2]C(F)(F)F,244.2214827
Oc1ccc2ccccc2c1C=O,143.0814646
OC(=O)c1cc2ccccc2cn1,157.1590015
OCCCCCCCCCCCBr,229.072788
CSC,212.2247988
Fc1cccnc1F,194.0157427
C[Si](C)(C)CC=C,211.2132543
ClC(Cl)(Cl)Br,207.2693602
Cc1cc(C)c(C=C)c(C)c1,171.6506944
BrCCCBr,225.3510321
CC(=O)c1c(F)cccc1F,179.8032913
CNCC#C,221.3167767
OC(=O)CCc1ccccc1,196.0564019
Clc1ncnc2nc[nH]c12,181.5258035
CC/C=C\CCO,217.4745391
CCC#C[C@@H](O)CC,227.3427456
FC(F)(F)c1cccc(c1)C(=O)Cl,180.93469
Brc1ccnc2ccccc12,157.8147484
Cc1oc(cc1)C(=O)O,179.1142864
Cn1ccc(=O)n(C)c1=O,182.640887
ClCCCC(=O)c1ccccc1,180.201132
Oc1ccc(c(C=O)c1)N(=O)=O,161.0853254
FC(F)(F)c1cc(Br)cc(c1)C(F)(F)F,184.4995687
Oc1ccc(O)cc1,172.3993126
O=CCOCc1ccccc1,189.6118845
Sc1ccc2ccccc2c1,152.0661385
OC(=O)c1occc1,181.8539907
O=C1CC(=O)c2ccccc12,173.2238595
CC(=O)c1ccc(cc1)c1ccc(cc1)C(=O)C,152.4438989
O=C1CCC=C1,191.2390153
CCI,194.2535686
COc1ccc(OC)cc1,171.1367645
C[C@@](O)(C=C)C#C,228.5199525
Nc1ccnc(=O)[nH]1,170.6818205
Brc1c(Br)c(Br)c(Br)c(Br)c1Br,165.9736205
C[C@H](O)C(=O)N,228.7540134
CC(C)C(=O)C(C)C,212.4362694
C1Cc2ccccc2CN1,191.9016648
O=C1CCC1,208.7584391
CC(C)Oc1ccccc1,185.6780306
CCOC(=O)C(=O)c1ccccc1,166.1066524
Nc1ccc(cc1)N(=O)=O,154.5485641
OC(=O)c1ccc(cc1)c1ccc(cc1)C(=O)O,158.7754647
ClC(=O)CCC(=O)Cl,232.7161052
CC1=C(C)C(=O)C(=C(C)C1=O)C,148.791169
CC(C)C[C@H](NC(=O)C)C(=O)O,224.3419976
Fc1c(F)c(F)c2c(F)c(F)c(F)c(F)c2c1F,155.449667
CC(C)(C)C(=O)O,239.5628559
C1CSCCO1,212.0986695
Clc1ccc(cc1)C(=O)c1ccc(Cl)cc1,164.3684524
CC(C)(C)C(=O)CC(=O)C(C)(C)C,206.4328907
C=Cc1ccc2ccccc2c1,147.0975222
Cc1ccc(C)c(c1)C(=O)O,181.1957338
CCOc1ccccc1C(=O)O,177.2593698
c1ccc(cc1)c1ccncc1,173.6543306
Fc1cccc(C=O)c1,173.468588
CC(C)c1ccccc1N(=O)=O,173.6712734
NC(=O)Nc1ccccc1,184.8164607
CC(=C)CCO,218.7766203
OC(=O)c1oc(cc1)N(=O)=O,165.7765826
O=C[C@@H](c1ccccc1)c1ccccc1,189.2654995
OC(=O)c1cnc2ccccc2n1,154.6332778
OC(=O)c1cccc2ccccc12,148.4429015
OC(=O)/C=C/c1ccc(Br)cc1,150.3229185
COc1ccc(/C=C/C)cc1OC,160.4753866
C[Si](C)(C)Cl,253.8706886
Clc1cccc(c1)C(=O)CBr,164.7016597
COc1ccccc1C(=O)O,177.6057548
C[C@H]1COC(=O)O1,271.0650627
COC(=O)CCc1ccc(O)cc1,181.8834837
COC(C(NC(C)=O)=C)=O,178.1228222
COc1cccc(OC)n1,180.656076
BrCCCCBr,228.4396314
CC(=O)c1cccc(F)c1,175.0248103
C#Cc1ccccc1,177.1156703
OCCO,257.0960849
CC(C)OP(OC(C)C)OC(C)C,219.0765696
OCCc1ccc(O)cc1,183.0199024
N(c1ccccc1)c1ccccn1,162.4005842
CCCCCCCC=O,219.6494853
OC(=O)CCCCCCCC=C,224.442399
COc1ccc(CCO)cc1OC,182.3923934
o1c(cnc1c1ccccc1)c1ccccc1,143.5533514
CC(C)(O)C(C)(C)O,235.8304324
Brc1c[nH]c(=O)cc1,157.1075458
Brc1ccccc1C(=O)c1ccccc1,166.5070031
Clc1ccc(I)cn1,175.9930567
CC(=O)OC=C,211.1617986
Fc1ccc2cc[nH]c2c1,169.2962806
N[C@H]1CCCC[C@@H]1N,218.1949194
N(Nc1ccccc1)c1ccccc1,172.2631432
C=CC#N,205.1383397
CC(C)CCC[C@@H](C)[C@H]1CC[C@H]2[C@@H]3CC[C@H]4C[C@@H](O)CC[C@@]4(C)[C@@H]3CC[C@@]12C,227.7412139
OC(=O)c1cc2ccccc2c(Cc2c(O)c(cc3ccccc23)C(=O)O)c1O,130.7182823
Oc1ccc2CCCCc2c1,179.540365
C=Cc1ccc(cc1)C#N,158.3807616
COc1cccnc1Br,184.6915864
ClC1=C(Cl)C(=O)C(=C(C#N)C1=O)C#N,129.8416522
OCC(=O)c1ccccc1,179.5842907
OCCc1ccccc1,200.3623687
Cc1cccc(S)c1,177.8040476
O=N(=O)c1ccc(Br)c(c1)N(=O)=O,163.5301004
CCC(=O)OC(C)(C)C,249.3764692
CC(C)(Br)C(=O)Br,196.6142574
COC(=O)C(=O)OC,209.1525148
CC(C)(C)P(C(C)(C)C)C(C)(C)C,199.7925905
O=N(=O)c1ccccc1Br,167.2656615
CC(=O)c1ccccc1Br,173.1460483
COc1ccc(cc1)N(=O)=O,164.5560776
Brc1ccc2C(=O)OCc2c1,177.2750576
CC(C)CC=O,218.3492867
CCOc1cccc(N)c1,179.7562281
N[C@H](Cc1ccccc1)C(=O)O,197.5266555
CC(C)OB(OC(C)C)OC(C)C,251.0644684
c1ccc2c(c1)ccc1ccccc21,155.8964534
c1cncnc1,195.6968393
O[C@@H](CC=C)C=C,213.2219106
O[C@H]1OCCO[C@@H]1O,245.3478614
Clc1ccc(Cl)cc1,184.663976
C[Si]1(C)O[Si](C)(C)O[Si](C)(C)O1,230.7269017
c1ccc(cc1)P(c1ccccc1)c1ccccc1,168.939228
OC(=O)[C@@](O)(c1ccccc1)c1ccccc1,188.4384427
ClC(=O)Cc1ccc(Cl)cc1,180.5920701
CC(C)(O)C(=O)O,240.3403396
CCOC(=O)c1occc1,182.0083579
N,249.3469762
Clc1ccccc1C=O,170.4232868
OCCCCCCO,253.5914471
O=C(CC(=O)c1ccccc1)c1ccccc1,169.215332
Clc1cccc(C=O)c1,169.3151059
ClCc1ccccc1C#N,182.1815504
CCC(=C)C,220.8304572
OC(=O)c1cncc(F)c1,185.5895518
CCOC(=O)C(Br)C(=O)OCC,209.1744776
Clc1ncc(Br)cn1,179.3759577
COC(=O)c1ccc2cc(ccc2c1)C(=O)OC,145.6686842
CC(=O)c1cscc1,177.4877831
CCOC(=O)C(=CC)C(=O)OCC,197.0792416
CC[Si](CC)(CC)OS(=O)(=O)C(F)(F)F,245.3384487
Oc1ccc2cc(Br)ccc2c1,149.4042453
Brc1ccc(Br)cc1,181.3538661
Nc1ccccc1C(F)(F)F,172.9032024
Nc1cccc(c1)C(=O)c1ccccc1,146.3790244
CCCCCCCCCC=O,219.7818897
ClCI,188.9969257
ON1C(=O)CCC1=O,213.4289886
OC(=O)c1ccccc1Nc1ccccc1,143.2144965
Brc1cccc(c1)C1OCCO1,188.8758164
C[C@]1(CO1)C=C,218.690024
CC(C)[Si](Cl)(C(C)C)C(C)C,230.0372693
C1CCC=CC=CC1,180.5970902
Cc1cccc(C)c1N,179.9294206
COc1cc(N)cc(OC)c1,187.0892983
COC(=O)/C=C/c1ccccc1,157.3522743
NC[C@@H](CC(=O)O)c1ccccc1,199.4549907
OC(=O)c1ccccc1c1ccccc1C(=O)O,169.4362151
Clc1ccc(cc1)C#N,177.3942843
Ic1nccn1[C@@](c1ccccc1)(c1ccccc1)c1ccccc1,165.976758
Cc1ccnc(N)c1,177.9245294
CC(C)c1cccc(c1)C(C)C,195.7300972
Nc1ccc2ncccc2c1,147.0040234
COc1ccc2[nH]ccc2c1,167.6873475
Oc1ccc2[nH]ncc2c1,160.9868064
Oc1cccc2ccccc12,154.3270534
COC(=O)C(=C)C,202.5542576
COc1cccc(c1)N=C=O,176.9085923
CCO[Si](CCCCl)(OCC)OCC,245.9722328
Nc1cnccn1,170.8926635
S=C(n1ccnc1)n1ccnc1,145.4898442
Fc1cccc(n1)C(F)(F)F,194.1412445
Cc1cc(O)cc(O)c1,187.4112104
Fc1ccc(cc1C(F)(F)F)C#N,185.2055163
C[Si](C)(Cl)c1ccccc1,197.211646
OC(=O)c1cocc1,194.0119776
O[C@@H]1C[C@H](O)[C@H](O)CO1,241.4177725
CCOC(=O)c1ccccc1Br,175.5782732
Sc1ccccc1,179.7894861
C/C=C/C(C)C,220.8586951
CC(=CCCC(=O)C)C,199.6495185
FC(F)(F)c1ccc(I)cc1,180.3316539
Cc1ccccc1OC[C@@H](O)CO,196.690186
FC(F)(F)c1ccnc(Cl)c1,185.6272023
C1CCC(CC1)c1ccccc1,196.7033637
O=Cc1ccc(Oc2ccccc2)cc1,169.4751207
O=[P@@](C1CCCCC1)(c1ccccc1)c1ccccc1,186.0062178
Brc1ccc(Br)nc1,177.4306798
NC(=S)C(=S)N,135.7678472
OC(=O)[C@@H]1c2ccccc2c2ccccc12,162.2361769
Clc1nc(Cl)nc(Cl)n1,209.4694068
c1ccc(cc1)c1ccnc2c1ccc1c(ccnc21)c1ccccc1,150.3850419
NC(=O)c1ccccc1F,187.5373397
COC(CC(=O)OC)OC,248.6165558
O=Cc1ccc2ccccc2n1,150.2011817
CCOC(=O)c1cscn1,186.4893997
Oc1cccc(C=O)c1O,152.9113931
NC(=O)/C=C/c1ccccc1,158.7384417
Nc1ccc(Br)cc1N(=O)=O,138.8746443
CCOP(=O)(OCC)c1ccccc1,196.4699304
C#CC1CCCCC1,239.884768
C1COCCOCCOCCOCCOCCO1,223.4145393
O=C1CCc2ccccc12,178.5821588
OCc1cccnc1,197.0717115
CN(C)C(=O)C=C,185.9798624
O=Cc1ccccc1,179.9162429
COc1ccc(OC)c(C=O)c1,148.2521388
Brc1cccc2ccncc12,154.4625954
C[C@@]12CC[C@H](O)C[C@@H]1CC[C@@H]1[C@H]2CC[C@]2(C)[C@H]1CCC2=O,206.2082425
ClC(=O)c1cccc2ccccc12,149.3452595
CNc1ccccc1,172.5047341
C1N2CN3CN1CN(C2)C3,216.2577992
BrCc1ccccc1,187.2260953
COC(=O)/C=C\C(=O)OC,199.827731
COC(=O)CC(=O)C,219.6275225
CCOc1ccc(CCC(=O)O)cc1,178.073249
OC(=O)[C@@H](Br)c1ccccc1,177.2549773
Nc1ccncc1,190.9051805
O=N(=O)c1ccc2NC(=O)C(=O)c2c1,145.7741058
O=C(O)[C@@H]1CCCNC1,229.8603118
OCC(=O)O,235.5537009
Oc1cc2ccccc2c2ccccc12,152.0253504
C[Si](C)(C)n1ccnc1,201.2917095
O=Cc1c([nH]c2ccccc12)c1ccccc1,148.2521388
COC(=O)c1cccc(OC)c1O,161.094738
COC1=CC(=O)O[C@H](C1)/C=C/c1ccccc1,168.5859404
OCCc1ccccc1Br,189.9350516
ClC(Cl)(Cl)C(Cl)(Cl)Cl,234.0420317
Oc1ccccc1Br,182.0905616
OCCCO,237.8560314
COc1ccc(OC)c(OC)c1,180.4289178
CC(C)(C)C(=O)OC=C,210.8900872
CN(CC(=O)O)CC(=O)O,225.7495003
Brc1ccc(cc1)c1ccccc1,165.1271108
FC(F)(F)C(F)(F)C(F)(F)C(F)(F)I,191.6763891
BrN1C(=O)c2ccccc2C1=O,164.7681757
COC(=O)c1cccnc1F,183.5714829
NCCCCc1ccccc1,197.6734926
OC(=O)c1ccc(C=O)cc1,170.5895767
Oc1ccccc1I,178.9919222
COc1cccc(OC)c1OC,189.9814873
CC(C)(C)OC(=O)NCCCC(=O)O,228.4954797
Clc1ccc2C(=O)CCc2c1,172.3892725
CC#Cc1ccccc1,174.2579943
COc1cc(C=O)c(cc1OC)N(=O)=O,146.2045769
Cc1cc(C)cc(C)c1,192.8353982
CCCC#Cc1ccccc1,173.891529
Oc1ccc(cc1)C(c1ccc(O)cc1)(C(F)(F)F)C(F)(F)F,177.9646899
Cc1ccccc1P(c1ccccc1C)c1ccccc1C,165.834941
O=C1OC(=O)C=C1,188.985003
CCCCCCCCCCCCl,255.6641093
Cc1ccsc1Cl,180.1132808
Clc1nnnn1c1ccccc1,188.4742107
COc1cc(N)c(cc1OC)C(=O)O,166.0363714
FC(F)(F)c1ccccc1I,179.0879311
COc1c2occc2cc2ccc(=O)oc12,146.6475983
COCCN,234.0890949
Nc1ccccc1CO,174.1406501
Fc1c[nH]c(=O)[nH]c1=O,182.7350134
Fc1c(F)c(F)c(c2ccccc2)c(F)c1F,172.5467772
Fc1c(F)c(F)c(C=O)c(F)c1F,172.3610346
OC(=O)c1cnc2ccccc2c1,155.624742
CC(C)[C@@]12C[C@@H]1[C@@H](C)C(=O)C2,207.5260114
O[C@@H]1CN2CC[C@@H]1CC2,201.5929138
Nc1ccc(Br)cc1C(=O)O,165.7602674
N[C@H](CC=C)C(=O)O,221.7152449
O=C1OC(=O)c2ncccc12,182.4087087
N#Cc1ccc(cc1)C#N,172.5028516
Clc1ccc(cc1)[C@@H]1N(CCc2sccc12)C(=O)CN(CC=C)S(=O)(=O)c1ccc(Cl)cc1,158.343111
COCCOCCOCCOC,242.741189
COc1cccc(c1)C(=O)Cl,159.2586467
Oc1cc(=O)c2ccccc2o1,173.8400733
O=C1CCCCCCC1,208.5683039
NCCCCCN,225.274476
OCCCc1ccccn1,195.3824573
CC(N/C(C(O)=O)=C/c1ccccc1)=O,146.9575877
O=N(=O)c1ccc(cc1)N(=O)=O,169.8089555
COc1cccc(C(=O)O)c1OC,167.0698787
O=N(=O)c1ccccc1I,160.0988812
Cc1ccccc1C(=O)O,187.1821696
Cc1cccc(c1)N(=O)=O,170.6077744
CCCCCCCCCCCCCC(=O)Cl,219.9977528
[nH]1cnc2ccccc12,180.6767838
Nc1ccccc1I,167.7965341
Ic1ccccc1C#N,169.5598344
Oc1cccc(O)c1O,186.6676123
N[C@@H](CC(=O)O)c1ccccc1,200.6899284
CC[C@@H](N)CO,232.8673349
Oc1ccc(SC(F)(F)F)cc1,187.1319689
Brc1c[nH]nc1,210.5518598
CCN(CC)CC(=O)Nc1c(C)cccc1C,188.739647
OC(=O)c1ccc2C(=O)OC(=O)c2c1,174.4318143
OC(CCl)CCl,257.5083583
C1COC=CC1,210.7325824
O=N(=O)c1cccc(CBr)c1,169.6181927
Clc1[nH]cnc1Cl,201.1655802
OC/C=C/c1ccccc1,165.8211358
CCCCBr,232.6596294
Cc1cccc(F)c1,194.8591148
COc1cccc(N)c1,178.8507327
Clc1cccc2ccccc12,154.3433687
CC(=O)Nc1ccc(C)cc1,178.6298495
OC=O,260.8548638
Nc1cc(Cl)ccc1C(=O)O,173.5796571
C(c1ccccc1)c1ccccn1,182.8316497
Nc1ccc(cc1)C#C,165.0925978
Brc1ccc2ccc3cccc4ccc1c2c34,128.8665033
Fc1cccc(S)c1,178.5714911
OC(=O)[C@]12C[C@H]3C[C@H](C[C@H](C3)C1)C2,239.3664456
O[C@H]1C[C@@](O)(C[C@H](O)[C@@H]1O)C(=O)O,227.9809223
COP(OC)OC,236.8777449
CCCCOCC=C,227.4877002
COC=C=C,194.5058272
CN(C)c1ccc(cc1)[N][N]c1ccccc1C(=O)O,117.6416223
CN(C)S(=O)(=O)Cl,213.1083315
C/C=C\CO,220.6974253
CC[C@@H](C)C(=O)O,241.9561752
CC(C)(C)OC(=O)CBr,236.3807578
OC(=O)CNCC(=O)O,226.8576812
O=C1OCc2ccccc12,188.7427845
COC(Cl)Cl,252.8403188
C1Cc2cccnc2C1,187.9270228
CCCCCc1occc1,200.8286079
C[SiH2]c1ccccc1,196.2716375
CN(C(=O)C)c1ccccc1,183.4340584
O=N(=O)c1ccc(Cl)cc1,169.0088815
O=Cc1ccccn1,179.848472
OC(=O)c1ccccc1Cl,174.5297057
NCc1ccccc1,197.8573528
[nH]1ccc2ccccc12,170.6247172
BrC1CCCC1,227.5943768
COc1cc(OC)cc(OC)c1,197.1150096
CC#CC(=O)O,216.2910571
CCOC(=O)OC/C=C/c1ccccc1,166.3457333
CCCCCCCCCCBr,232.4588265
Cn1cnc2n(C)c(=O)n(C)c(=O)c12,169.5993675
OC(=O)c1[nH]ncc1,199.1958295
O=C1c2ccccc2CCc2ccccc12,163.8281672
Oc1ccc[nH]c1=O,163.254624
Cc1scnc1C,186.6192941
COc1ccc(cn1)N(=O)=O,167.300802
Nc1ccc(O)cc1,165.0662425
CCCC[Sn](CCCC)(CCCC)CC=C,192.5473716
ClC(=O)c1ccc(Br)cc1,165.9353424
COc1ccc(cc1)C(=O)c1ccc(OC)cc1,160.8512645
OC(=O)C(F)F,249.4956959
CO[Si](OC)(c1ccccc1)c1ccccc1,193.5043228
CCOC(=O)[C@@H](Br)c1ccccc1,178.3079374
Nc1ccc(Br)cc1Br,166.0263312
O[C@H]1CN[C@@H](C1)C(=O)O,210.2368503
COc1ccc(/C=C/C(=O)c2ccc(OC)cc2)cc1,139.5291362
CCOC(=O)[N][N]C(=O)OCC,167.6371468
Cc1cc(C)c(c(C)c1)C(=O)O,184.0690975
COC(=O)CC(=O)CC(=O)OC,217.3063667
CC(C)(C)OO,246.4918103
CC(C)(C)C(=O)CCl,201.6155042
N#Cc1c2ccccc2c(C#N)c2ccccc12,114.9332934
CCO[Si](OCC)(OCC)c1ccccc1,197.4921425
Clc1cccc(Cl)c1,190.2870842
COc1cccc(OC)c1C(=O)O,174.4393444
CCCCn1ccnc1,207.1896666
Cc1ccc(cc1)C(=O)N,185.2826999
CC(C)(N)CO,232.7135952
COc1cccc(c1)C(=O)O,171.6318691
CC(C)[C@@H](N)CO,233.3636945
CCc1cc(Cc2cc(CC)c(N)c(CC)c2)cc(CC)c1N,168.2703034
N[C@H]1CCN(CC1)Cc1ccccc1,179.0540456
CC(C)C[C@H](CN)CC(=O)O,221.1686846
N#Cc1cccc2[nH]ccc12,156.946276
COC(=O)c1ccc(cc1)C(=O)O,177.7732997
CCN(CC)P(OC(C)(C)C)OC(C)(C)C,209.2014605
Cc1cc(Br)ccc1C#N,172.3961751
O=C1CCCCc2ccccc12,180.4991988
Brc1sccn1,183.9712061
CC(=O)NO,232.6094287
OC(=O)CCCc1ccc2ccc3cccc4ccc1c2c34,129.6615572
Cc1cccc(N)n1,174.6646201
C1C[C@@H]2C[C@H]1C=C2,212.9539643
C1Cc2ccc(CCc3ccc1cc3)cc2,166.3727162
CCCCCBr,232.629509
CCCCCCCCCCCBr,229.2729633
O=C1c2ccccc2C(=O)c2ccccc12,155.9849322
ClC(=C)Cl,208.540066
COc1ccc(C=O)cc1,167.3127247
COc1ccc(O)cc1,172.3723297
FC(F)(F)c1cc(cc(c1)C(F)(F)F)C(=O)Cl,182.3421927
CC(C)(O)C(=O)c1ccccc1,177.8341681
OC(=O)c1cccc(Br)c1,172.2499655
O=C1CCCC1,209.0834888
CO[Si](CC=C)(OC)OC,216.5175879
COc1ccnc(c1)c1cc(OC)ccn1,166.2133289
O[C@H]1CO[C@H](O)CO1,237.9106247
ClC(=O)c1ccc(I)cc1,159.4864324
Cc1ccccc1/C=C/C(=O)O,156.2905291
Clc1ccc(C=O)cn1,172.9948187
CC(C)(C)OC(=O)N[C@@H](CCC(=O)O)C(=O)OCc1ccccc1,197.5153603
Nc1c(Cl)cc(Cl)cc1Cl,165.4440029
O[C@@H](c1ccccc1)C(F)(F)F,201.5866387
Oc1cccc(c1)N(=O)=O,159.9890671
OCC[C@@H](O)CO,233.1723043
OC(=O)/C=C/C=C/c1ccccc1,139.0057937
COP(=O)(Cl)Cl,244.6481888
COc1ccc(OC)c(Br)c1,168.0155348
CCOC(=O)C(=Cc1ccccc1)C(=O)OCC,157.9603305
C[C@H]1NC(=O)O[C@@H]1c1ccccc1,200.3027553
CC[C@@H](C(=O)Cl)c1ccccc1,188.8387934
CCOC(OCC)(OCC)c1ccccc1,201.816307
C1C=C[C@H]2[C@H]3C[C@H](C=C3)[C@H]12,202.9659035
CCOC(=O)c1ccc(Br)cc1,174.4242842
Nc1c(Br)cc(Br)cc1C=O,142.4752909
NS(=O)(=O)O,258.3937735
CC1(C)CO[C]([N]1)c1ccccc1,176.7755604
COc1cc(C=O)c(Br)c(Br)c1O,155.9278289
O=Cc1c[nH]c2ccccc12,161.6525935
COc1ccc(C=O)c2ccccc12,143.7936874
CC(=O)c1ccc(N)cc1,161.40912
O=N(=O)c1cccc(/C=C/C(=O)c2ccccc2)c1,150.0882301
COC(=O)C1CC1,255.8624022
Nc1cccc(c1)C(=O)O,161.8069607
On1ccccc1=S,144.4751621
OC(=O)/C=C\c1cccc(c1)N(=O)=O,171.1053891
ClC(=O)N1CCOCC1,227.3496482
Fc1cccnc1C#N,181.4818779
NC(CO)(CO)CO,229.9738909
Cc1ccsc1Br,178.3982987
OC(=O)CCCCCCCC(=O)O,247.6508194
COc1ccc(/C=C/C(=O)O)cc1,149.0252299
O=S(=O)(c1ccccc1)c1ccccc1,179.9607961
CCOC(=O)C(=O)N,204.4468248
CCOC(=O)[C@@H](Br)C(C)C,216.9329988
O=C1C=CC=C/C1=C/Nc2ccccc2,121.5955565
Br[C@@H]1CCCC=C1,199.1857893
ClP(Cl)c1ccccc1,180.6874515
COc1sccn1,190.0680835
Cc1ccc(cc1)S(=O)(=O)Cl,180.550027
CCOC(=O)CCCCC(=O)O,222.8880593
CC(C)[C@@H](N)C(=O)O,225.2619258
NC(=O)CC#N,247.9859092
O=N(=O)c1ccccc1/C=C/C(=O)c1ccccc1,153.6173407
[nH]1ncc2ccccc12,171.7768237
c1ccc2nccnc2c1,161.2302799
O=C1C=CC(=O)c2ccccc12,153.0845856
C[C@@H](O)CO,245.1596087
C=C1CCOC1=O,201.5489882
BrCC[C@@](C#N)(c1ccccc1)c1ccccc1,190.7790512
C1CCC(=CC1)N1CCCC1,175.35488
FC(F)(F)S(=O)(=O)OS(=O)(=O)C(F)(F)F,270.0980714
O=Cc1cccc2ccccc12,146.0150692
CN(C)c1ccc(cc1)C(=O)C,153.8683443
CC(C)(C)CC(C)(C)N,218.9830707
C(CP(c1ccccc1)c1ccccc1)P(c1ccccc1)c1ccccc1,168.6493188
Brc1cccc2sccc12,162.9283193
CCO[C@H]1C=Cc2ccccc2N1C(=O)OCC,165.0982454
s1ccc2ccccc12,167.9584314
Cc1cccc(C)c1O,188.3694167
